smiles,idnumber,reagent1,reagent2,reagent3,reagent4,reaction,MW,HAC,sLogP,HBA,HBD,RotBonds,FSP3,TPSA,QED,PAINS,BRENK,NIH,ZINC,LILLY,lead-like,350/3_lead-like,fragments,strict_fragments,PPI_modulators,natural_product-like,Type,InChiKey,pred
CCC1=NNC(CC)=C1CC(=O)N[C@H]1C[C@@](C)(O)C1,Z3670357625,12407960,3625328,,,22,265.357,19,1.107,3,3,5,0.714,78.010,0.746,,,,,,True,,,,AAAAADUDZUYLLM-DEZZCRIOSA-N,,,,-34.73534043357778
COC(=O)C1=CC=C(CSCC2=C(C3CCC3)OC=N2)O1,Z3513507782,22114216,10687039,,,7,307.371,21,3.755,6,0,6,0.467,65.470,0.757,,,,,,True,,,,AAAABAQTSJZDKT-UHFFFAOYSA-N,,,,-36.06855297528518
CC1=CC(CC(=O)N2CC[C@@H](S(N)(=O)=O)C2)=CC=C1F,Z6127089457,34385911,2241403,,,22,300.355,20,0.566,3,1,3,0.462,80.470,0.886,,,,,,True,True,,,AAAABDUHPQQUET-LLVKDONJSA-N,,,,-33.744950105367195
CC1=NC(Br)=C(C(=O)N2CCN3C(=O)OCC3(C)C2)S1,Z5718277364,24553032,28737041,,,22,360.233,20,1.881,5,0,1,0.583,62.740,0.767,,,,,,True,,,AAAABWGLOZSMMH-UHFFFAOYSA-N,,,,,-39.199270985825635
CC1CC(=O)NCCN1C(=O)NC1=CC(CC#N)=CC=N1,Z2788930889,3068039,2806951,,,2430,287.323,21,0.890,4,2,2,0.429,98.120,0.844,,,,,,True,True,,,,,AAAACLWWPXBBDL-UHFFFAOYSA-N,,-33.65588833566581
"C[P@@]1(=O)C[C@@H](O)[C@H](OC2=CC=CC(Br)=C2Cl)C1 |&1:1,4,6|",Z3814123583,8016065,26392920,,,63,339.553,17,3.217,3,1,2,0.455,46.530,0.842,,True,,,True,True,,True,M,"AAAACMLDESKFIG-QBAXLYOUSA-N,AAAACMLDESKFIG-UYDXONCASA-N",,,,-35.69632362828267
COC(=O)C(OC)C(=O)OCCC1=CN=CC=N1,Z3380231195,1837120,3479247,,,276436,254.242,18,-0.250,7,0,6,0.455,87.610,0.511,,True,,,,True,,,,,,SAAAACOLAYZDTAY-UHFFFAOYSA-N,,-34.25404375557732
CCOC1=CN=C(CN2CCCC23CCOC3=O)N=C1,Z4481574837,15159813,26617891,,,270004,277.324,20,1.157,6,0,4,0.643,64.550,0.769,,,,,,True,True,,,AAAADFCLSAYUIY-UHFFFAOYSA-N,,,,-33.82313100245267
CC1=CN=C(CCCC(=O)N2CCC(C(C)C#N)CC2)O1,Z5328084698,26775701,10786090,,,22,289.379,21,2.704,4,0,5,0.688,70.130,0.835,,,,,,True,True,,,AAAADFRQDGPVFN-UHFFFAOYSA-N,,,,-36.05453010352604
"C#CC1=CC(N(C(=O)C2=NO[C@@H](C)[C@@H]2C)C(C)C)=CC=C1 |&1:11,13|",Z4319359135,2213496,26564322,,,11,284.359,21,2.820,3,0,3,0.412,41.900,0.801,,True,,,True,True,True,True,,,,S,"AAAADRLVZIXEKU-CHWSQXEVSA-N,AAAADRLVZIXEKU-STQMWFEESA-N",-35.535031700104724
O=C(C=C1CC1)N1CCC(N2N=NC3=C2CCCC3)CC1,Z4098973553,2113614,3018895,,,22,286.379,21,2.041,4,0,2,0.688,51.020,0.782,,True,,,,True,True,,,,,AAAADVRRGCVWDF-UHFFFAOYSA-N,,-42.706626302661256
"O=C(N[C@H]1COC[C@H]1CO)[C@@H]1CC[C@H]2C[C@@H]1CO2 |&1:3,7,&2:10,13,15|",Z3208960741,25966515,24847237,,,22,255.314,18,-0.075,4,2,3,0.923,67.790,0.740,,,,,,True,,,,,True,M,"AAAADYJSEWWHRE-HHHUOAJASA-N,AAAADYJSEWWHRE-KNZXXDILSA-N,AAAADYJSEWWHRE-YBXAARCKSA-N,AAAADYJSEWWHRE-ZIQFBCGOSA-N",-37.87996663273166
CCC1=NC=CN1CC(C)NC(=O)N1CCO[C@H](CO)C1,Z3696098262,8067124,3661931,,,2708,296.371,21,0.237,5,2,5,0.714,79.620,0.815,,,,,,True,True,,,,,AAAAEEFOBSTZSJ-KIYNQFGBSA-N,,-34.26981670151858
CCC1=NC=CN1CC(C)NC(=O)N1CCO[C@@H](CO)C1,Z3696096766,8067124,3061015,,,2708,296.371,21,0.237,5,2,5,0.714,79.620,0.815,,,,,,True,True,,,,,AAAAEEFOBSTZSJ-PIJUOVFKSA-N,,-33.684633037926176
COC1=CC(CN2CCC(C)C2C(=O)O)=CC=C1C#N,Z3351668114,11447759,3665545,,,275532,274.320,20,1.862,4,1,4,0.467,73.560,0.907,,,,,,True,True,,,,AAAAEFPUHCAGRF-UHFFFAOYSA-N,,,-33.48501875578045
NC1=NC=NC=C1C(=O)N1CC[C@]12C[C@@H](CF)C2,Z4113999230,26564410,191038,,,22,250.277,18,1.023,4,1,2,0.583,72.110,0.850,,,,,,True,,,,AAAAEGRXDVUJGB-ITWVYHRLSA-N,,,,-35.506853831451835
CN1N=NN=C1C1=CCN(S(=O)C2=CC=CC=C2Cl)CC1,Z5486368138,26605882,25959351,,,40,323.809,21,1.675,5,0,3,0.308,63.910,0.862,,,,,,True,True,,,AAAAEOBQBROPEA-UHFFFAOYSA-N,,,,-34.535535513573635
"O=C(C[C@H]1CCCNC1)N1C[C@H]2CCCC[C@@]2(CO)C1 |&1:11,16|",Z3521691268,26304590,4203646,,,240690,280.412,20,1.387,3,2,3,0.938,52.570,0.821,,,,,,True,True,True,,,True,M,"AAAAEQUQAOLKRZ-FMKPAKJESA-N,AAAAEQUQAOLKRZ-IJEWVQPXSA-N",-34.79033661520125
"O=C(C[C@@H]1CCCNC1)N1C[C@H]2CCCC[C@@]2(CO)C1 |&1:11,16|",Z3521690538,26304590,4203647,,,240690,280.412,20,1.387,3,2,3,0.938,52.570,0.821,,,,,,True,True,True,,,True,M,"AAAAEQUQAOLKRZ-LZWOXQAQSA-N,AAAAEQUQAOLKRZ-OFQRWUPVSA-N",-34.88515063239073
"O=C(NCCC1=CC=NO1)[C@@H]1C[C@H]1C1=CC(Cl)=CC(Cl)=C1 |&1:10,12|",Z4771421626,22500988,3576453,,,22,325.195,21,3.444,3,1,5,0.333,55.130,0.916,,,,,,True,,"AAAAESFJBKDIHX-KGLIPLIRSA-N,AAAAESFJBKDIHX-UONOGXRCSA-N",,,,,,-34.7531583952508
CC1=NNC(C(=O)N[C@@H](CO)C2=CN=CC(Br)=C2)=C1Cl,Z5603616502,27186036,3102617,,,22,359.611,20,1.992,4,3,4,0.250,90.900,0.778,,,,,,True,,,,AAAAFDPWINPBOY-VIFPVBQESA-N,,,,-34.029447423422134
C[C@@H]1CN(C(=O)C2=CSC3=C(F)C=CC=C23)CS1,Z6104631403,27156639,20608427,,,22,281.377,18,3.575,3,0,1,0.308,20.310,0.796,,,,,,True,,,AAAAFMUZTUEBOY-MRVPVSSYSA-N,,,,,-34.74566580367268
C[C@H]1CN(C(=O)C2=CSC3=C(F)C=CC=C23)CS1,Z6104607730,27156638,20608427,,,22,281.377,18,3.575,3,0,1,0.308,20.310,0.796,,,,,,True,,,,AAAAFMUZTUEBOY-QMMMGPOBSA-N,,,,-35.27276893493807
O=C(O)C1=CC(C(=O)NCC2(CO)COC2)=CC(F)=C1,Z6295501641,2802614,3015404,,,188690,283.255,20,0.263,4,3,5,0.385,95.860,0.720,,,,,,True,True,,,,,AAAAFORVBAKFER-UHFFFAOYSA-N,,-34.484439303660196
NC1=C(Br)C=CC=C1CC(=O)OCCCN1CCCC1=O,Z1830609778,7123714,2020257,,,1458,355.232,21,2.130,4,1,6,0.467,72.630,0.482,,True,,,True,True,,,,,,AAAAFXCNYFYTEE-UHFFFAOYSA-N,,-33.21442297698293
CC(C)(C)[C@@H](O)C(=O)NCCSCC1=CC=CC=C1C#N,Z5436130953,32943,3478701,,,22,306.431,21,2.315,4,2,6,0.500,73.120,0.791,,True,,,,True,True,,,,AAAAGFCMOUMXBB-AWEZNQCLSA-N,,,-33.38446023977768
CC(C)(C)[C@H](O)C(=O)NCCSCC1=CC=CC=C1C#N,Z5467243676,32943,2789853,,,22,306.431,21,2.315,4,2,6,0.500,73.120,0.791,,True,,,,True,True,,,,AAAAGFCMOUMXBB-CQSZACIVSA-N,,,-33.15725083368922
"CC1=CON=C1CC(=O)N[C@@H]1C[C@@]2(C(=O)O)C[C@@H]12 |&1:10,12,17|",Z6096959242,26299944,17434944,,,269946,250.254,18,0.505,4,2,4,0.583,92.430,0.812,,,,,,True,,,,,,M,"AAAAGJVSDSWAHC-VFWDIBGWSA-N,AAAAGJVSDSWAHC-VMAXQDLPSA-N",-33.16647753777698
CCOC1CN(C(=O)CC2=CSC=C2F)CCC1=O,Z4478098026,26668661,22614413,,,22,285.340,19,1.636,4,0,4,0.538,46.610,0.845,,,,,,True,True,,,,AAAAHPSMWSJDIE-UHFFFAOYSA-N,,,-35.02123227576738
O=C(NC1=CC2=CC=CC=C2N=N1)N1CC(O)(C(F)F)C1,Z2869555196,2993070,22130058,,,2430,294.261,21,1.473,4,2,2,0.308,78.350,0.879,,,,,,True,True,,,AAAAHPWGKZVEES-UHFFFAOYSA-N,,,,-33.88994643937218
CCCC1=NOC(C2=CC=C3SC=NC3=C2)=N1,Z2992213915,149560,2798230,,,265764,245.307,17,3.299,5,0,3,0.250,51.810,0.710,,,,,,True,,,,,,SAAAAHTORMVPJAX-UHFFFAOYSA-N,,-35.96585793747055
O=C(C1=CC(Cl)=C(F)C=C1O)N1CCC12COC2,Z3552532507,22128945,3732538,,,22,271.675,18,1.800,3,1,1,0.417,49.770,0.847,,,,,True,True,True,True,,,AAAAHTYXFJBYLS-UHFFFAOYSA-N,,,-40.171577957377245
"O=C(O)[C@H]1[C@H]2C[C@@H](O)[C@@H]1N(C(=O)CC1CC3(CC3)CO1)C2 |&1:3,4,6,8|",Z4248765959,26536061,24367619,,,188690,295.335,21,0.238,4,2,3,0.867,87.070,0.779,,,,,True,True,,,,True,M,"AAAAHUWEFLVYQO-CINWRCNPSA-N,AAAAHUWEFLVYQO-DNNDGHGISA-N",,-37.231142446565926
"CO[C@@H]1CCC[C@H]1N1CCN2C(C(C)C)=NN=C2C1C |&1:2,6|",Z4268407787,5026563,26047172,,,2230,278.400,20,2.346,5,0,3,0.867,43.180,0.851,,,,,,True,True,,"AAAAIMPKBAURKV-SPOOISQMSA-N,AAAAIMPKBAURKV-VFRRUGBOSA-N",,,,,-36.62534405193987
CCC1=C(C(=O)NNC2=CC=C(OC)C=N2)N=NN1CC,Z1768357148,3120874,3566697,,,22,290.327,21,1.021,7,2,6,0.385,93.960,0.771,,True,,,True,True,True,,,,,AAAAIMVPRMXIPH-UHFFFAOYSA-N,,-35.89897434623231
C=C(F)COC(=O)C(C)(C)C1=CC=C2OCCOC2=C1,Z3358122784,2049699,3697332,,,1458,280.295,20,2.762,4,0,4,0.400,44.760,0.796,,,,,,True,True,,,,,AAAAIZLOVWULJZ-UHFFFAOYSA-N,,-37.025271994473
CCN1N=C(C)C(C(=O)NCC2=NOC=C2C(C)(C)C)=N1,Z4600978649,26628763,3732842,,,22,291.355,21,1.822,6,1,4,0.571,85.840,0.928,,,,,,True,True,,,AAAAJCGYDDQWAV-UHFFFAOYSA-N,,,,-37.07774878791725
CC1=CN(CC(=O)NC2=CN=C(CO)N=C2C)N=C1,Z6061896846,26371808,2016414,,,22,261.285,19,0.421,6,2,4,0.333,92.930,0.832,,,,,,True,,,,,AAAAJJYGHNHNDO-UHFFFAOYSA-N,,,-33.629308362830194
CC1(C2CN(C(=O)C=C3CCOCC3)CCO2)N=N1,Z3589198292,25978559,2795812,,,22,265.313,19,1.133,5,0,2,0.769,63.490,0.703,,True,True,,True,True,,,,,AAAAJMMLDUEDLA-UHFFFAOYSA-N,,,-39.56335129218394
COC[C@@H]1[C@H]2CN(C(=O)C3=C(Cl)C=CO3)C[C@H]21,Z2174570329,17638229,3480022,,,527,255.701,17,1.897,3,0,3,0.583,42.680,0.829,,,,,,True,,True,,AAAAKFLAMVVCSG-BRPSZJMVSA-N,,,,-40.24862862829382
O=C1NCCN2C[C@H](OC(=O)C3(CC(F)(F)F)CC3)C[C@@H]12,Z4432294479,17555327,9325498,,,276436,306.284,21,0.835,4,1,3,0.846,58.640,0.785,,,,,,True,True,,True,M,AAAAKJWYPPESHZ-BDAKNGLRSA-N,,,-35.370277082003604
"C[C@H](CC1=CSC=C1)OC(=O)[C@]12CCC[C@H]1CC(=O)C2 |&1:11,15|",Z3875281530,14283552,26024534,,,276436,292.400,20,3.372,4,0,4,0.625,43.370,0.799,,,,,,True,,,,,True,M,"AAAAKKDTBZSPCH-AXAPSJFSSA-N,AAAAKKDTBZSPCH-FFSVYQOJSA-N",-38.93089105678917
"CC(CC1=CSC=C1)OC(=O)[C@]12CCC[C@H]1CC(=O)C2 |&1:11,15|",Z3381930327,5053687,26024534,,,276436,292.400,20,3.372,4,0,4,0.625,43.370,0.799,,,,,,True,,,True,M,"AAAAKKDTBZSPCH-DKGPUHFJSA-N,AAAAKKDTBZSPCH-ZUZSALNQSA-N",,,-37.358714606046654
"C[C@@H](CC1=CSC=C1)OC(=O)[C@]12CCC[C@H]1CC(=O)C2 |&1:11,15|",Z3874454207,14283567,26024534,,,276436,292.400,20,3.372,4,0,4,0.625,43.370,0.799,,,,,,True,,,,,True,M,"AAAAKKDTBZSPCH-NORZTCDRSA-N,AAAAKKDTBZSPCH-RBOXIYTFSA-N",-39.05575466020483
"CCOC1=CC=CN=C1C(=O)N1CC[C@@H](O)C[C@H]1CO |&1:14,17|",Z4638407816,26719503,3736233,,,527,280.324,20,0.438,5,2,4,0.571,82.890,0.836,,,,,,True,True,,"AAAAKKHKUJYMFF-MNOVXSKESA-N,AAAAKKHKUJYMFF-WDEREUQCSA-N",,,,,-38.01795775554156
CC(C)N(C(=O)[C@H]1C[C@](C)(F)C1)[C@@H]1CCN(C)C1,Z5602356276,27050482,17433565,,,22,256.365,18,2.066,2,0,3,0.929,23.550,0.771,,,,,,True,,True,,,,M,AAAAKOTUEYIJIV-YRGRVCCFSA-N,-34.43940458025033
COC(=O)C1=NC(N2CCC3=C(C=C(Cl)S3)C2)=NC=C1Cl,Z3558929666,22828045,7925676,,,27,344.223,21,3.194,6,0,2,0.308,55.320,0.783,,,,,,True,,,,AAAAKPFPOHJEAJ-UHFFFAOYSA-N,,,,-33.10880196048263
"COC1=CC=CC=C1[C@@H]1C[C@H]1C(=O)N1CCC(C(C)=O)C1 |&1:8,10|",Z3055832117,3625731,22130729,,,22,287.359,21,2.236,3,0,4,0.529,46.610,0.853,,,,,,True,True,,,,,S,"AAAAKXMBJVSCBO-JQXSQYPDSA-N,AAAAKXMBJVSCBO-UCWKZMIHSA-N",-35.076194023944154
"CN1N=CC(C2=CC=CC=C2)=C1C(=O)N1CC[C@@H]2CC[C@@H]21 |&1:17,20|",Z5705316193,23030498,11395402,,,22,281.359,21,2.712,3,0,2,0.412,38.130,0.849,,,,,,True,True,True,,,,M,"AAAAKYDBHXANPE-UKRRQHHQSA-N,AAAAKYDBHXANPE-ZFWWWQNUSA-N",-37.7831498945647
"C=CCC(C)(C)C1=NOC([C@@H]2C[C@H](N)C23CCC3)=N1 |&1:10,12|",Z4906895855,9529993,26629462,,,271362,261.369,19,2.908,4,1,4,0.733,64.940,0.846,,True,,,,True,,True,M,"AAAALIDGNQRUHX-GHMZBOCLSA-N,AAAALIDGNQRUHX-QWRGUYRKSA-N",,,,-33.23027088577892
O=C(NNC1=CC=C(N2C=CC=N2)N=N1)C1CC1(F)Br,Z5859502775,1000239,3770403,,,22,341.144,20,1.186,6,2,4,0.273,84.730,0.645,,True,,,True,True,True,,,,,AAAALJDSRGPXLA-UHFFFAOYSA-N,,-33.24892650885254
"CC1=CC(CCC(=O)N[C@@H]2COC[C@@H]2N2C=CN=N2)=NO1 |&1:9,13|",Z3059498063,22807013,3541289,,,22,291.311,21,0.263,7,1,5,0.538,95.070,0.849,,,,,,True,True,,,,,M,"AAAALNAKIHDJIX-NEPJUHHUSA-N,AAAALNAKIHDJIX-NWDGAFQWSA-N",-40.23812496512191
COCC1COCCN1C(=O)C(N)CC1=NC=CC=N1,Z6186567176,3101883,5896980,,,240690,280.328,20,-0.780,6,1,5,0.615,90.570,0.761,,,,,,True,True,,,,,AAAALPWIDFOWIK-UHFFFAOYSA-N,,-33.258734175064475
CCN1N=NC(CS(=O)CC2=CC(C)=CC(C)=N2)=N1,Z4525079282,3705815,3526831,,,1498,279.369,19,1.154,6,0,5,0.500,73.560,0.821,,,,,,True,True,,,,,AAAALSSEVNXADR-UHFFFAOYSA-N,,-33.54290754920628
C#CC1=CN=CC=C1NC(=O)N1C[C@@H]2C[C@H]1CS2(=O)=O,Z5107382297,3341140,22130407,,,2430,291.332,20,0.466,4,1,1,0.385,79.370,0.763,,True,,,,True,True,,,AAAALXLAYCYNDO-QWRGUYRKSA-N,,,,-35.607445532746326
C[C@H](NC(=O)N1CC[C@@H](C(F)F)C1)C1=COC=C1,Z4456009020,3607745,22357569,,,2708,258.268,18,2.637,2,1,3,0.583,45.480,0.905,,,,,,True,,True,,AAAALZCBVKMWDJ-DTWKUNHWSA-N,,,,-38.86043277727947
C[C@@H](NC(=O)N1CC[C@@H](C(F)F)C1)C1=COC=C1,Z4456009027,3602594,22357569,,,2708,258.268,18,2.637,2,1,3,0.583,45.480,0.905,,,,,,True,,True,,AAAALZCBVKMWDJ-RKDXNWHRSA-N,,,,-38.963998066441775
CC(NC(=O)N1CC[C@@H](C(F)F)C1)C1=COC=C1,Z4456021997,3611246,22357569,,,2708,258.268,18,2.637,2,1,3,0.583,45.480,0.905,,,,,,True,,True,,,AAAALZCBVKMWDJ-YGPZHTELSA-N,,,-34.22774970447525
CS(=O)(=O)[C@H]1C[C@@H](C(=O)NCC2=CC=C(F)C(Br)=C2)C1,Z5499177119,224114,26608177,,,22,364.236,20,2.028,3,1,4,0.462,63.240,0.889,,,,,,True,,,AAAAMMHYMIYMCU-AOOOYVTPSA-N,,,,,-33.54523572372078
"COC(=O)C1=C(CN2CC[C@@H](O)[C@H]2C(C)C)C=CS1 |&1:10,12|",Z4119888677,22129091,2781653,,,2230,283.393,19,2.126,5,1,4,0.643,49.770,0.860,,,,,,True,True,,"AAAANBWNJNCBKS-RYUDHWBXSA-N,AAAANBWNJNCBKS-VXGBXAGGSA-N",,,,,-35.56552520655528
"CCOC1=CC=CC=C1C(=O)N1CC[C@@H](C)C[C@H]1CO |&1:14,17|",Z6050139340,24221673,1685,,,22,277.364,20,2.318,3,1,4,0.562,49.770,0.919,,,,,,True,True,,"AAAANKNZORZYGM-OLZOCXBDSA-N,AAAANKNZORZYGM-QWHCGFSZSA-N",,,,,-34.54431711364363
CC(C(=O)N1CC[C@H](C)C1)C1=NC=CS1,Z5390733689,2798357,26358639,,,22,224.329,15,2.115,3,0,2,0.636,33.200,0.771,,,,,,True,,True,,,AAAAOBUNSQPSNJ-IENPIDJESA-N,,,-35.44833304406271
CC1CCN(C(=O)C(C)C2=NC=CS2)C1,Z4288077263,2798355,26358639,,,22,224.329,15,2.115,3,0,2,0.636,33.200,0.771,,,,,,True,,True,,,,AAAAOBUNSQPSNJ-UHFFFAOYSA-N,,-33.44919222560747
CC(C(=O)N1CC[C@@H](C)C1)C1=NC=CS1,Z4294173044,2798356,26358639,,,22,224.329,15,2.115,3,0,2,0.636,33.200,0.771,,,,,,True,,True,,,AAAAOBUNSQPSNJ-VEDVMXKPSA-N,,,-36.251619971542524
CCS(=O)(=O)CCN1C(=O)NC2=CC=CC(OC)=C2C1=O,Z5464138630,2204506,3608595,,,270192,312.347,21,0.133,6,1,5,0.385,98.230,0.846,,,,,,True,True,,,,AAAAOJKMZDBMJC-UHFFFAOYSA-N,,,-40.05124143734916
CC(=O)C1=C(C)OC(C(=O)N2CCC2)=C1,Z5467289951,222722,3744161,,,22,207.229,15,1.637,3,0,2,0.455,50.520,0.692,,,,,,True,,True,True,,,SAAAAOLXTWNPKCX-UHFFFAOYSA-N,,-39.43956609466866
CC1=NC=CC=C1CC(=O)N1CC(C2=CC=CC(Br)=C2)C1,Z5557202119,9324981,18762241,,,22,345.240,21,3.321,2,0,3,0.294,33.200,0.855,,,,,,True,,,,AAAAOMNWDZFWNZ-UHFFFAOYSA-N,,,,-35.619712211375735
CC1=CSC2=C1C(N1CCN(S(C)(=O)=O)[C@@H](C)C1)=NC=N2,Z2347368229,11923411,193742,,,27,326.447,21,1.470,6,0,2,0.538,66.400,0.836,,,,,,True,True,,AAAAOQVVUPOFAN-JTQLQIEISA-N,,,,,-33.621487991503535
CC1=CSC2=C1C(N1CCN(S(C)(=O)=O)[C@H](C)C1)=NC=N2,Z2615142164,11607332,193742,,,27,326.447,21,1.470,6,0,2,0.538,66.400,0.836,,,,,,True,True,,,AAAAOQVVUPOFAN-SNVBAGLBSA-N,,,,-33.593786938739626
CC1=NC=C2CC(C(=O)NC3=CC=C(O)N=C3)CCN21,Z2184869181,2035713,19199777,,,527,272.308,20,1.493,5,2,2,0.357,80.040,0.868,,,,,,True,True,,,,AAAAOXHOMWHMND-UHFFFAOYSA-N,,,-37.596117930593394
O=C(NCC1=NOC(CC2=CC=CO2)=N1)C1=CC=CC=C1,Z1437316672,47840,2791197,,,265764,283.287,21,2.183,5,1,5,0.133,81.160,0.776,,,,,,True,,,,,,AAAAPMDIFAWHQT-UHFFFAOYSA-N,,-35.19222350364115
"O=C1CCC[C@H]2[C@H](CCCN2C(=O)C2=NOC(I)=C2)N1 |&1:5,6|",Z5262959300,27033649,22128215,,,22,389.193,20,1.552,4,1,1,0.615,75.440,0.740,,True,,,,True,,"AAAAPTNYLIIUKE-PSASIEDQSA-N,AAAAPTNYLIIUKE-WPRPVWTQSA-N",,,,,,-33.701473825848424
C[C@@H]1CNCCCN1C(=O)C1=CC=C(N2C=CN=C2)C=N1,Z6386444876,8084387,3743761,,,240690,285.351,21,1.091,5,1,2,0.400,63.050,0.897,,,,,,True,True,,,,AAAAQFLHWOLYKK-GFCCVEGCSA-N,,,-34.201238285919636
CN(CCC1=CC=CN=C1)C(=O)CC1(C2=NOC=C2)CC1,Z5458950106,199671,10933621,,,22,285.347,21,2.192,4,0,6,0.438,59.230,0.816,,,,,,True,True,,,,AAAAQNFZEHTRDS-UHFFFAOYSA-N,,,-36.616242717319174
CC1=NN=CC=C1NC(=O)C1(C2=CC=C(Br)C=C2)CCC1,Z1667021299,12409868,46466,,,11,346.228,21,3.608,3,1,3,0.312,54.880,0.924,,,,,,True,,,,AAAAQVGJIFIQPY-UHFFFAOYSA-N,,,,-33.823509085375285
COC1=CC=C(Br)C(N)=C1C(=O)NC[C@H]1COC(=O)O1,Z6341371559,26537219,4904256,,,22,345.149,20,1.305,6,2,4,0.333,99.880,0.630,,True,,,,True,True,,,AAAARCRMSASLAF-LURJTMIESA-N,,,,-33.66891096866666
COC1=CC=C(Br)C(N)=C1C(=O)NC[C@@H]1COC(=O)O1,Z6342922844,26559126,4904256,,,22,345.149,20,1.305,6,2,4,0.333,99.880,0.630,,True,,,,True,True,,,AAAARCRMSASLAF-ZCFIWIBFSA-N,,,,-33.76213145743198
"COC1=C(NC(=O)[C@@]23C[C@@H](F)[C@@H]2C3)C=C(Cl)C=C1C(N)=O |&1:7,9,11|",Z3548679887,17657068,26273148,,,22,312.728,21,2.134,3,2,4,0.429,81.420,0.893,,,,,,True,True,,,,,M,"AAAARGGMBJBVBX-QIBSRJKCSA-N,AAAARGGMBJBVBX-TVLCNXBWSA-N",-36.136814354922635
"NCC1CC(=CC(=O)N2C[C@@H]3CNCC[C@@H]32)C1 |&1:10,15|",Z6081039641,22236575,25960851,,,240690,235.331,17,0.102,3,2,2,0.769,58.360,0.668,,True,,,,True,,True,,,True,M,"AAAARMPHTIPXPW-PQDIPPBSSA-N,AAAARMPHTIPXPW-RAMGSTBQSA-N",-35.03664391762077
CN(CCOC1CC1)C(=O)C1=CC(C#N)=CC=C1Br,Z5450614902,17644555,9064234,,,22,323.190,19,2.572,3,0,5,0.429,53.330,0.837,,,,,,True,True,,,,AAAARPNDLGJBQB-UHFFFAOYSA-N,,,-33.06878447873526
O=S(=O)(CC1=CSC=N1)N1CCOC(C2=CC=CO2)C1,Z3616844207,8531455,3111039,,,40,314.388,20,1.639,6,0,4,0.417,72.640,0.858,,,,,,True,True,,,,,AAAARTHAAXQMLX-UHFFFAOYSA-N,,-33.52815780991378
CON1CCN(C(=O)C2CC3=NC=CN=C3C2)CC1,Z4123804533,3454608,10934284,,,22,262.313,19,-0.103,5,0,2,0.615,58.560,0.745,,,,,,True,,,,,AAAASEBFDSAIFU-UHFFFAOYSA-N,,,-35.78374649004688
"CCN1N=CC(S(=O)(=O)N2C[C@@H]3CN(C)C[C@]3(C)C2)=C1C |&1:11,16|",Z5229477519,24542146,7103163,,,40,312.439,21,0.784,5,0,3,0.786,58.440,0.828,,,,,,True,True,,,,,M,"AAAASJPGEYUPCZ-GXTWGEPZSA-N,AAAASJPGEYUPCZ-OCCSQVGLSA-N",-33.05695781093874
"O=C(N1CC(O)(C2=CC=NC=C2Br)C1)[C@@]12CCC[C@@H]1C2 |&1:14,18|",Z6128512778,34406020,24537522,,,22,337.217,20,2.064,3,1,2,0.600,53.430,0.899,,,,,,True,True,,,,True,M,"AAAATLYSTHGITO-HZMBPMFUSA-N,AAAATLYSTHGITO-QMTHXVAHSA-N",-38.83817536511088
CCOC1CN(C(=O)CCC2=NN=C(C)N2C)C1,Z3355935143,3099423,26044680,,,22,252.318,18,0.303,5,0,5,0.750,60.250,0.756,,,,,,True,,,,,,AAAATNLAUDZUHV-UHFFFAOYSA-N,,-35.80466772817668
COCC1(NC(=O)C2=CC=C(O)C(N=[N+]=[N-])=C2)CCCC1,Z3632355560,3048346,11296659,,,22,290.323,21,3.023,4,2,5,0.500,107.320,0.494,True,True,True,True,True,True,,,,AAAATZWTXHEINW-UHFFFAOYSA-N,,,,-34.54693776098134
COC1=NC=C(C2=CC=NC(N3CCCC3)=C2)N=C1OC,Z5189087159,9150882,6781437,,,271570,286.335,21,2.156,6,0,4,0.400,60.370,0.858,,,,,,True,True,,,,,AAAAUCYXZBQINO-UHFFFAOYSA-N,,-35.86300556316995
COC1=NC(C)=C(Br)C=C1C1=NOC(C2CCC2)=N1,Z1891666693,15159180,1548,,,270196,324.178,19,3.479,5,0,3,0.462,61.040,0.865,,,,,,True,,,,,AAAAURJILGSMHM-UHFFFAOYSA-N,,,-34.95710598989579
CCN(CC1=CC=C(Cl)S1)C(=O)[C@]1(CC)CC[C@H](O)CC1,Z4348184860,30985,26609362,,,22,329.893,21,4.081,3,1,5,0.688,40.540,0.884,,,,,,True,,,,AAAAUUYZCCHPBH-DRQUAOQDSA-N,,,,-33.26649838171577
COCCCON=CC1=CN=C(C2=CC=CS2)N=C1,Z4506360133,3656480,2802676,,,4,277.349,19,2.592,6,0,7,0.308,56.600,0.443,,True,,,,True,True,,,,,SAAAAVCUUXQLEMK-UHFFFAOYSA-N,,-40.52556357244866
"CN1C(=O)O[C@H]2CN(C(=O)C(=O)N3CCC(N)C3)C[C@H]21 |&1:5,19|",Z4001521682,2051473,26533513,,,273498,282.300,20,-1.793,5,1,0,0.750,96.180,0.529,,True,True,,,True,True,,,,,M,"AAAAVDVINCGREW-ASODMVGOSA-N,AAAAVDVINCGREW-SXNZSPLWSA-N",-45.99530611792767
"CN1C(=O)O[C@H]2CN(C(=O)C(=O)N3CC[C@@H](N)C3)C[C@H]21 |&1:5,19|",Z4001521387,69487,26533513,,,273498,282.300,20,-1.793,5,1,0,0.750,96.180,0.529,,True,True,,,True,True,,,,,M,"AAAAVDVINCGREW-HLTSFMKQSA-N,AAAAVDVINCGREW-HRDYMLBCSA-N",-46.716193798251766
"CN1C(=O)O[C@H]2CN(C(=O)C(=O)N3CC[C@H](N)C3)C[C@H]21 |&1:5,19|",Z4001524359,2017706,26533513,,,273498,282.300,20,-1.793,5,1,0,0.750,96.180,0.529,,True,True,,,True,True,,,,,M,"AAAAVDVINCGREW-XHNCKOQMSA-N,AAAAVDVINCGREW-YIZRAAEISA-N",-46.259529318512
O=C(OCC1CN(C(=O)C2=CC=CC=C2)C1)C1=COC=N1,Z3167148447,10538353,2223528,,,276436,286.287,21,1.604,5,0,4,0.267,72.640,0.798,,,,,,True,True,,,AAAAVFJALDWIKN-UHFFFAOYSA-N,,,,-39.523436003987335
CC1=C(C(=O)N2CCC3CC2(CO)C3)SC(C(F)(F)F)=C1,Z5600929833,27206391,26608760,,,22,319.348,21,3.062,3,1,2,0.643,40.540,0.910,,,,,,True,,,AAAAVNXUWKIEDI-UHFFFAOYSA-N,,,,,-33.571630932841714
CNS(=O)(=O)C1CCN(C(=O)CC2=CN=CC(O)=C2)CC1,Z2501443512,22049054,3646993,,,527,313.379,21,-0.130,5,2,4,0.538,99.600,0.806,,,,,,True,True,,,AAAAVRJQCQZUFS-UHFFFAOYSA-N,,,,-37.688009389455594
CC(C)C[C@@H](O)CC(=O)N1CCC(C2=NOC=C2)CC1,Z5474435546,23025358,3479261,,,22,280.368,20,2.178,4,1,5,0.733,66.570,0.897,,,,,,True,True,,,AAAAWBBHMDWFCF-CYBMUJFWSA-N,,,,-36.58570669544604
COC(=O)CC1CN(CC2=COC(C(C)C)=N2)CCO1,Z2161554214,3064461,2799302,,,2230,282.340,20,1.562,6,0,5,0.714,64.800,0.764,,,,,,True,True,,,,,AAAAWKSGQZICJA-UHFFFAOYSA-N,,-34.36149435120331
"COC(=O)[C@@H]1CCCC[C@@H]1C(=O)NC1(C(O)CO)CC1 |&1:4,9|",Z5368178252,26611477,20240201,,,22,285.340,20,-0.032,5,3,5,0.857,95.860,0.616,,,,,,True,True,,,,True,M,"AAAAXEWMFDEMFI-JKIOLJMWSA-N,AAAAXEWMFDEMFI-MTULOOOASA-N",-33.16015737057969
CCC(C)(C#N)C(=O)OCC(=O)N(C)CC1=CN(C)N=C1,Z2080320917,3479017,2170497,,,1458,292.339,21,0.862,6,0,6,0.571,88.220,0.726,,,,,,True,True,,,,AAAAXFSSTDMNNF-UHFFFAOYSA-N,,,-36.699764081084396
CC1=NN(C(F)F)C(C)=C1NC(=O)C1=C(I)C=NN1C,Z2220700298,2782383,3124153,,,22,395.151,20,2.485,5,1,3,0.364,64.740,0.813,,True,,,,True,,,,,,AAAAXNNKYRANRO-UHFFFAOYSA-N,,-33.95928810288906
"C[C@@H]1CNC[C@H]1C(=O)NCC1=CN(C2CCNC2)N=N1 |&1:1,5|",Z2827306365,13882998,20230518,,,240690,278.360,20,-0.716,6,3,4,0.769,83.870,0.677,,,,,,True,True,,,,,M,"AAAAXPDCQOWERS-VAGKLZBCSA-N,AAAAXPDCQOWERS-WSXXKJPRSA-N",-34.75498931907385
C[C@@H]1CNC[C@H]1C(=O)NCC1=CN(C2CCNC2)N=N1,Z2827306172,13882998,11912035,,,240690,278.360,20,-0.716,6,3,4,0.769,83.870,0.677,,,,,,True,True,,AAAAXPDCQOWERS-WSXXKJPRSA-N,,,,,-34.754989358150524
CC1=CC(=O)N2N=CC=C2N1CCC(C)O,Z2613405944,1804954,3696420,,,34,221.260,16,0.575,5,1,3,0.455,59.530,0.824,,,,,,True,,,,,,MAAAAYITXGNKLKH-UHFFFAOYSA-N,,-33.65754944030379
CCOC1=CC=C(C(=O)N2CCC(C)(OC)C2)C=C1O,Z4292126280,17638355,3624185,,,22,279.336,20,2.042,4,1,4,0.533,59.000,0.916,,,,,,True,True,,,,AAAAYNGRCHIOLT-UHFFFAOYSA-N,,,-35.08510010391219
C=CC#CCOC(=O)C1=CC=C(OC)C(COCC)=C1,Z3875185124,3576505,38024,,,276436,274.316,20,2.578,4,0,6,0.312,44.760,0.591,,True,,,True,True,True,,,,,AAAAYVJXVQFIRY-UHFFFAOYSA-N,,-37.93054766495425
COCC1=CC=C(C(=O)NCCC2=CC=CC(Cl)=C2F)O1,Z3614403880,11645004,39954,,,22,311.740,21,3.191,3,1,6,0.267,51.470,0.891,,,,,,True,,,,,AAAAZTJSAZUZSD-UHFFFAOYSA-N,,,-33.08004286536334
CC(CSCCNC(=O)N1CC(C#N)C1)C(=O)O,Z3808431388,22829549,25923227,,,274078,271.342,18,0.605,4,2,6,0.727,93.430,0.690,,True,,,,True,True,,,,AAAAZUDAQXOKJB-UHFFFAOYSA-N,,,-35.05474745738246
CSC1=C(C(=O)OCC2=NN=C(C(C)C)S2)C=NN1C,Z2303736001,10525634,3625536,,,1458,312.420,20,2.474,8,0,5,0.500,69.900,0.624,,,,,,True,True,,,,AAAAZZSDPGKUFR-UHFFFAOYSA-N,,,-37.92858864549139
CC(=O)NCC(C)(C)C(=O)N1CCC(C(F)C(=O)O)CC1,Z4572868971,26337991,3740385,,,272610,302.346,21,0.810,3,2,5,0.786,86.710,0.787,,,,,,True,True,,,AAABAGMOSLDWGJ-UHFFFAOYSA-N,,,,-33.84229716918318
O=C(NC1=NN=CS1)N1CCC(N2CCCNC2=O)CC1,Z1486492815,3694798,2018596,,,487,310.383,21,0.950,5,2,2,0.667,90.460,0.851,,,,,,True,True,,,,,AAABANBHXJTEIB-UHFFFAOYSA-N,,-33.03367716741112
CC(C)C1=NN=C(N2CCN3C(=NNC3=O)C2)S1,Z3870074753,3454626,8619493,,,27,266.330,18,0.567,7,1,2,0.600,79.700,0.859,,,,,,True,,,,,,AAABAQIZSSSQLD-UHFFFAOYSA-N,,-43.45189929940962
CCOC(=O)C1(CC(=O)NC2=CC=NN2C)CCOCC1,Z2767371549,75803,24300551,,,22,295.339,21,1.109,6,1,5,0.643,82.450,0.823,,,,,,True,True,,,,AAABASDUZLFASE-UHFFFAOYSA-N,,,-33.65923823191543
CCCC1=NOC(COC(=O)C2=CC=CC(F)=C2)=N1,Z291878818,1698,45912,,,1458,264.256,19,2.518,5,0,5,0.308,65.220,0.776,,,,,,True,,,,,,AAABAULSVKIBAO-UHFFFAOYSA-N,,-36.077154514633264
CC1=NC=C(Br)C=C1C(=O)OCC1=NN=C(C(C)C)S1,Z3818553382,2751471,3625536,,,1458,356.245,20,3.484,6,0,4,0.385,64.970,0.785,,,,,,True,,,,,,AAABBCSCXXXWQY-UHFFFAOYSA-N,,-39.1418469933605
"O=C(O[C@@H]1C[C@@H]2[C@H]3CC[C@H](O3)[C@@H]21)[C@@H]1C[C@H]2C=C[C@@H]1C21CC1 |&1:3,5,6,9,11,&2:12,14,17|",Z4399316486,26621367,26618499,,,276436,286.371,21,2.698,3,0,2,0.833,35.530,0.578,,True,,,,,,True,,,True,M,"AAABBDTWSIQYJV-AKYJLQSSSA-N,AAABBDTWSIQYJV-FAWXGMMZSA-N,AAABBDTWSIQYJV-MMSSZMNWSA-N,AAABBDTWSIQYJV-ZZYRQQOISA-N",-36.30158574381329
CC1=CC(Cl)=C(C(=O)N2C[C@H](O)C[C@@H](F)C2)S1,Z4612526800,26718022,3016905,,,22,277.748,17,2.255,3,1,1,0.545,40.540,0.855,,,,,,True,True,True,,AAABBDZRRCMOGQ-HTQZYQBOSA-N,,,,-36.79999516443146
CC1=CC(Cl)=C(C(=O)N2C[C@@H](F)C[C@@H](O)C2)S1,Z5339098845,26763213,3016905,,,22,277.748,17,2.255,3,1,1,0.545,40.540,0.855,,,,,,True,True,True,,AAABBDZRRCMOGQ-JGVFFNPUSA-N,,,,-36.82807796183229
FCCCC1=NC(C2=CC=NC(Br)=C2)=NO1,Z4252551248,2244683,3478651,,,270196,286.104,16,2.796,4,0,4,0.300,51.810,0.811,,True,,,,True,True,,,,,SAAABBOPVLDABQR-UHFFFAOYSA-N,,-36.56250412424211
COCCC(C)(C)C1=NC(C2=CN=CC=N2)=NO1,Z1675248864,72908,5120761,,,265764,248.286,18,1.841,6,0,5,0.500,73.930,0.803,,,,,,True,,,,,,AAABBUUEOBIXEK-UHFFFAOYSA-N,,-39.66116015495251
CO[C@H]1CN(C(=O)C(C)NC(=O)C2CCC2)C[C@H]1OC,Z1848902827,17393678,2054412,,,527,284.356,20,0.163,4,1,5,0.857,67.870,0.781,,,,,,True,True,,,AAABBWSQLBAOKU-CLYYMRHHSA-N,,,,-35.89146629178396
"CO[C@@H]1CN(C(=O)C(C)NC(=O)C2CCC2)C[C@H]1OC |&1:2,17|",Z5361394032,22950824,2054412,,,22,284.356,20,0.163,4,1,5,0.857,67.870,0.781,,,,,,True,True,,"AAABBWSQLBAOKU-JZXPMDSESA-N,AAABBWSQLBAOKU-WEBCLNCGSA-N",,,,,-35.49965930985598
CC(C)(C(=O)N1CCC2(C1)N=N2)C(F)(F)F,Z3674102164,26035151,2244332,,,22,235.209,16,1.969,3,0,1,0.889,45.030,0.685,,,True,,True,True,,True,,,AAABBWVGBVVQGZ-UHFFFAOYSA-N,,,-33.661075175845085
CC1=NOC(CN(C)C(=O)C23CCC(C)(CC2)CO3)=N1,Z3554701158,17413254,26299639,,,22,279.340,20,1.686,5,0,3,0.786,68.460,0.842,,,,,,True,True,,,AAABCDQLNABLGG-UHFFFAOYSA-N,,,,-33.02182116395004
C1=CC(N2C=NC=N2)=CC(OCC2=CSC(C3CC3)=N2)=C1,Z1527293917,2808979,3726755,,,34,298.371,21,3.180,6,0,5,0.267,52.830,0.726,,,,,,True,,,,,AAABCFYSQAVLJD-UHFFFAOYSA-N,,,-39.347742270635294
"CO[C@H]1C[C@@H](CNC(=O)[C@@H]2CC[C@H](C3=NNC=C3)O2)C1 |&1:9,12|",Z5252284679,24272914,27328338,,,22,279.340,20,1.171,4,2,5,0.714,76.240,0.848,,,,,,True,True,,,,True,M,"AAABCJIHLDPGOP-DNIRFERGSA-N,AAABCJIHLDPGOP-JULQROHOSA-N",-33.776271052369154
"CO[C@H]1C[C@H](CNC(=O)[C@@H]2CC[C@H](C3=NNC=C3)O2)C1 |&1:9,12|",Z5252397821,24388158,27328338,,,22,279.340,20,1.171,4,2,5,0.714,76.240,0.848,,,,,,True,True,,,,True,M,"AAABCJIHLDPGOP-WFFHOREQSA-N,AAABCJIHLDPGOP-XRRVDJEJSA-N",-34.28033808596269
CCOC(=O)[C@@]12C[C@@H]1CN(C(=O)C1=CON=C1C(C)C)C2,Z4612349679,26718711,10935287,,,22,292.335,21,1.823,5,0,4,0.667,72.640,0.791,,,,,,True,True,,,,,M,AAABCMVMIQMDGC-MEBBXXQBSA-N,-41.16877197147321
CCOC(=O)C12CC1CN(C(=O)C1=CON=C1C(C)C)C2,Z2713754274,13155336,10935287,,,22,292.335,21,1.823,5,0,4,0.667,72.640,0.791,,,,,,True,True,,,AAABCMVMIQMDGC-UHFFFAOYSA-N,,,,-41.21158125064894
CC(C)C1=NOC=C1CNC(=O)CN1C=CC=CC1=O,Z3056148041,24762739,31206,,,22,275.308,20,1.276,5,1,5,0.357,77.130,0.891,,,,,,True,True,,,,AAABCNGFDFZIIX-UHFFFAOYSA-N,,,-36.97679131974871
O=C(N1CCC2=C(C1)ON=C2O)C12CCCC(CC1)N2,Z6369882506,2786999,26287294,,,240690,277.324,20,0.940,5,2,1,0.714,78.600,0.798,,,,,,True,True,,,,True,M,AAABCNUPUPNQLO-UHFFFAOYSA-N,-33.09224704889603
CS(=O)(=O)C1=CC(C2=NC(C3=NOCC3)=NO2)=CC=C1Cl,Z3368729847,22494496,15466,,,270196,327.749,21,1.918,7,0,3,0.250,94.650,0.854,,,,,,True,True,,,AAABCPVTKDCELJ-UHFFFAOYSA-N,,,,-40.57351361350776
O=C(CC1=CC=C(O)C=C1)NCC(=O)N1CCC(F)CC1,Z2917755530,199713,2078881,,,22,294.326,21,1.011,3,2,4,0.467,69.640,0.871,,,,,,True,True,,,,,AAABCTWKFBFFFZ-UHFFFAOYSA-N,,-33.336213873394925
CCC1=NOC(CN(C)C2=NC=C(F)C=N2)=N1,Z1481130242,2157476,2796087,,,27,237.238,17,1.198,6,0,4,0.400,67.940,0.795,,,,,,True,,,,,,AAABCWFIXNSNPS-UHFFFAOYSA-N,,-36.51958686471976
"CO[C@@H]1CN(C(=O)CC2=C(C)C=C(C)S2)[C@H]2COC[C@@H]12 |&1:2,15,19|",Z3633645813,26302490,3771009,,,22,295.404,20,1.780,4,0,3,0.667,38.770,0.853,,,,,,True,True,,,,,M,"AAABCWGHPKGCHN-FRRDWIJNSA-N,AAABCWGHPKGCHN-XQQFMLRXSA-N",-41.31837131254699
"CC1=CN=CC(CN2C(=O)[C@@H]3[C@@H]4CC[C@@H](C4)CN3C2=O)=N1 |&1:10,11,14|",Z5058048531,3683155,26769208,,,272212,286.335,21,1.348,4,0,2,0.600,66.400,0.770,,True,,,,True,True,,,,,M,"AAABEIALBAARBD-LOWVWBTDSA-N,AAABEIALBAARBD-NTZNESFSSA-N",-40.434902155375504
"C[C@]1(C(F)F)C[C@H]1C(=O)OCC1=CC=C(Cl)N=C1F |&1:1,6|",Z5215882524,26609616,3646995,,,1458,293.672,19,3.209,3,0,4,0.500,39.190,0.632,,True,,,,True,,,"AAABERUEWFZTDX-JMCQJSRRSA-N,AAABERUEWFZTDX-MADCSZMMSA-N",,,,,-38.028610149136405
CC1(C(F)F)CC1C(=O)OCC1=CC=C(Cl)N=C1F,Z5215850674,26382352,3646995,,,1458,293.672,19,3.209,3,0,4,0.500,39.190,0.632,,True,,,,True,,,,,AAABERUEWFZTDX-UHFFFAOYSA-N,,,-33.96682524647413
CC1=NC=CC(NC(=O)C2=C3COCC3=NN2)=C1Cl,Z5000775342,3035003,3597243,,,527,278.699,19,2.049,4,2,2,0.250,79.900,0.881,,,,,,True,True,,,,,AAABEVUXSSLMHO-UHFFFAOYSA-N,,-38.937222691841306
"COC1=C(NC(=O)[C@@]23C[C@@H](O)[C@@H]2C3)C=CC=C1C(F)(F)F |&1:7,9,11|",Z5533497683,2244473,26299956,,,22,301.264,21,2.423,3,2,3,0.500,58.560,0.901,,,,,,True,True,,,,,M,"AAABEYWHACDVAT-DFAYQTQMSA-N,AAABEYWHACDVAT-PLMOITTCSA-N",-40.20756667414119
"COC1=C(NC(=O)[C@@]23C[C@H](O)[C@@H]2C3)C=CC=C1C(F)(F)F |&1:7,9,11|",Z5533498504,2244473,26394646,,,22,301.264,21,2.423,3,2,3,0.500,58.560,0.901,,,,,,True,True,,,,,M,"AAABEYWHACDVAT-FWDPORAESA-N,AAABEYWHACDVAT-ZDSQKVDBSA-N",-40.216548755943805
"CCCN1N=CC=C1C(=O)N1CC[C@H]2C(=O)NC[C@H]2C1 |&1:13,18|",Z3007238002,22954821,3001515,,,527,276.340,20,0.501,4,1,3,0.643,67.230,0.874,,,,,,True,True,,"AAABFFOAJWBZJD-MNOVXSKESA-N,AAABFFOAJWBZJD-WDEREUQCSA-N",,,,,-41.33390481501187
CC(=O)C1=NC(C2=CC=C3OCCOC3=C2)=CS1,Z1675170890,3276209,5763,,,43,261.302,18,2.784,5,0,2,0.231,48.420,0.780,,,True,,,True,,,,,,AAABFKICMGXYLK-UHFFFAOYSA-N,,-40.59327438471934
O=C(CN1N=C2C=CC=CN2C1=O)NOCC(F)(F)F,Z1443205553,14982,10997761,,,7,290.201,20,0.106,6,1,4,0.300,77.630,0.811,,True,,,,True,True,,,,AAABFMRPCKPYTN-UHFFFAOYSA-N,,,-34.19840001368205
CCN1N=C(Br)C(C(=O)N2CCCC3(C2)N=N3)=N1,Z3640463016,26275139,26376872,,,22,313.159,18,1.459,6,0,2,0.700,75.740,0.829,,,True,,True,True,True,,,AAABFQMOIAMSSP-UHFFFAOYSA-N,,,,-36.16775567087606
"CN(CCC1=NOC=N1)C(=O)[C@]12C[C@H]1CCCN2 |&1:11,13|",Z4066021443,11922818,24628528,,,240690,250.302,18,0.213,5,1,4,0.750,71.260,0.827,,,,,,True,,"AAABFWGYWKBAHZ-JOYOIKCWSA-N,AAABFWGYWKBAHZ-SKDRFNHKSA-N",,,,,,-35.96070442279931
CCC1=NOC(NC(=O)NCCOC2=CC=C(C)C=C2)=N1,Z2234905234,3570713,221374,,,2430,290.323,21,2.141,5,2,6,0.357,89.280,0.796,,True,,,,True,True,,,,,AAABFYLLWZRGEN-UHFFFAOYSA-N,,-35.17057959239934
CC1=CC(S(=O)(=O)N2CC3=CON=C3C2)=CC=C1F,Z3621119764,26045400,70725,,,40,282.296,19,1.827,4,0,2,0.250,63.410,0.843,,,,,,True,True,,,,AAABGZAZTPKKGT-UHFFFAOYSA-N,,,-37.98361768830004
"CC1=CC=CC=C1NC(=O)C1=CN([C@@H]2CNC[C@H]2C)N=N1 |&1:13,17|",Z3511333890,190,26286133,,,240690,285.351,21,1.619,5,2,3,0.400,71.840,0.899,,,,,,True,True,,,,,M,"AAABHGBTVWHZQY-BXUZGUMPSA-N,AAABHGBTVWHZQY-FZMZJTMJSA-N",-34.980566467155796
CC(C)C1=CC=NC(NC(=O)C(C)(C)C2=CC=NO2)=N1,Z4335734056,3570710,26577515,,,11,274.324,20,2.504,5,1,4,0.429,80.910,0.926,,,,,,True,True,,,AAABHIVPUMUDKP-UHFFFAOYSA-N,,,,-34.14947994243319
"CO[C@@H]1CN(C(=O)C2=C(C#N)N=CN2)[C@H]2COC[C@@H]12 |&1:2,14,18|",Z5626838106,26302490,27002651,,,22,262.269,19,-0.233,5,1,2,0.583,91.240,0.794,,,,,,True,,,,,,M,"AAABHLGOEPWZAY-FKTZTGRPSA-N,AAABHLGOEPWZAY-SFGNSQDASA-N",-44.41862946855009
CC(C)N1C=NC(C(=O)NC2CCN(CC#N)CC2)=N1,Z5437407850,2728464,14629085,,,22,276.344,20,0.577,6,1,4,0.692,86.840,0.813,,True,,,True,True,True,,,,AAABHNMGIAUXCU-UHFFFAOYSA-N,,,-33.297553842935976
CN1N=NC(CNC(=O)CCSC2=NN=NN2C)=N1,Z1904085849,3277925,2014354,,,11,283.321,19,-1.468,10,1,6,0.625,116.300,0.639,,,,,,,,,,,,AAABHRBVBIZBCM-UHFFFAOYSA-N,,-37.212813555066504
"COC(OC)[C@@H]1C[C@H]1NC(=O)[C@@H]1OC[C@@H]2CCC[C@H]1C2 |&1:5,7,&2:11,14,18|",Z6058084380,26124512,27280503,,,22,283.368,20,1.315,4,1,5,0.933,56.790,0.773,,True,True,,True,True,True,,,,True,M,"AAABILAOCFWGDK-CLPYTZEMSA-N,AAABILAOCFWGDK-NZEXEKPDSA-N,AAABILAOCFWGDK-PPCPHDFISA-N,AAABILAOCFWGDK-QNWJLWSRSA-N",-34.436354636559265
CC1=CC=C(S(=O)(=O)NC(=O)[C@]23CNC[C@H]2C3)C=C1Cl,Z4610397508,69276,4328218,,,273692,314.794,20,1.063,4,2,3,0.462,75.270,0.875,,,,,,True,True,,,AAABIPITPXGSKW-NOZJJQNGSA-N,,,,-34.194007799990864
"CC1=CC=C(S(=O)(=O)NC(=O)[C@@]23CNC[C@@H]2C3)C=C1Cl |&1:11,15|",Z3777160581,69276,25978127,,,273692,314.794,20,1.063,4,2,3,0.462,75.270,0.875,,,,,,True,True,,,,,S,"AAABIPITPXGSKW-NOZJJQNGSA-N,AAABIPITPXGSKW-ZANVPECISA-N",-34.7850144456
CC1=CC=C(S(=O)(=O)NC(=O)[C@@]23CNC[C@@H]2C3)C=C1Cl,Z4446357531,69276,25217191,,,273692,314.794,20,1.063,4,2,3,0.462,75.270,0.875,,,,,,True,True,,AAABIPITPXGSKW-ZANVPECISA-N,,,,,-34.78501446398902
CN(CCCCC(=O)O)C(=O)[C@H]1C[C@@](C)(O)C1,Z4193998824,3823048,12408120,,,188690,243.303,17,0.861,3,2,6,0.833,77.840,0.678,,True,,,,True,,,,,True,M,AAABIVCMMCQKHW-WVSHTKLVSA-N,-35.5685520214519
CC1=NOC(C2CCN(C(=O)NCCCC3(O)CC3)C2)=N1,Z6169735788,27224803,2241006,,,512,294.355,21,1.182,5,2,5,0.786,91.490,0.796,,True,,,,True,True,,,,AAABJLXZULJNGJ-UHFFFAOYSA-N,,,-41.14452788275025
CC(C)(C(=O)OCCN1C=NC=N1)C1=C(F)C=CC=C1F,Z4460498659,8830570,21119380,,,1458,295.289,21,2.077,5,0,5,0.357,57.010,0.792,,,,,,True,True,,,,AAABJYJXFBFDSG-UHFFFAOYSA-N,,,-35.946602542600246
"CC1=C2CN(C(=O)[C@@H]3[C@H]4CCN[C@H]43)CCN2N=C1 |&1:7,8,12|",Z3889034595,22978048,23025994,,,240690,246.314,18,0.142,4,1,1,0.692,50.160,0.767,,,,,,True,,,,,,M,"AAABJYZUOLKYGO-DLOVCJGASA-N,AAABJYZUOLKYGO-YUSALJHKSA-N",-37.83888733772976
"C[C@H](CO)N(C(=O)[C@@H]1C[C@H]1C1CC(=O)C1)C1CCCC1 |&1:7,9|",Z5424065335,15467016,26776950,,,527,279.380,20,1.754,3,1,5,0.875,57.610,0.834,,,,,,True,True,,,,True,M,"AAABJZLVZNYRRF-KMUNFCNLSA-N,AAABJZLVZNYRRF-WKPIXPDZSA-N",-33.90442910050841
"C[C@@H](CO)N(C(=O)[C@@H]1C[C@H]1C1CC(=O)C1)C1CCCC1 |&1:7,9|",Z5424175530,15656283,26776950,,,527,279.380,20,1.754,3,1,5,0.875,57.610,0.834,,,,,,True,True,,,,True,M,"AAABJZLVZNYRRF-NZVBXONLSA-N,AAABJZLVZNYRRF-VQISRLSMSA-N",-33.8746412963997
"COC(=O)[C@@]1(O)CCCC[C@H]1NC(=O)CCN1C=CC=N1 |&1:4,10|",Z4259420266,24764670,42842,,,22,295.339,21,0.236,6,2,5,0.643,93.450,0.759,,,,,,True,True,,"AAABKFKCPXDEOM-BXUZGUMPSA-N,AAABKFKCPXDEOM-FZMZJTMJSA-N",,,,,-34.03151094943012
CC(C)C[C@H]1COCCN1C(=O)C1=NC=CC=C1N=[N+]=[N-],Z5100291315,3067966,26561662,,,22,289.339,21,2.911,4,0,4,0.571,91.190,0.484,True,True,True,True,True,True,True,,,AAABKJIUBLRROY-NSHDSACASA-N,,,,-35.60089206170792
CN1C=CN=C1N1CCN(C2=NC=C(C#N)C=C2Cl)CC1,Z1251204430,10990741,2167477,,,27,302.769,21,1.667,6,0,2,0.357,60.980,0.844,,,,,,True,True,,,,AAABKLZKRHFRNB-UHFFFAOYSA-N,,,-36.36016050298671
CC(C)(C)C1=NC(NCC2=C(F)C=C(F)C=C2F)=NO1,Z2218073652,12490794,11911838,,,27,285.269,20,3.397,4,1,3,0.385,50.950,0.939,,,,,,True,,,,AAABKNOYFNDLRS-UHFFFAOYSA-N,,,,-34.07988719288935
CN(C(=O)C1=CC=C2OC(=O)NC2=C1)C1(C)COC1,Z5559935325,10496994,3011133,,,22,262.265,19,0.982,4,1,2,0.385,75.540,0.875,,,,,,True,,,,,AAABKVYRCGDCQL-UHFFFAOYSA-N,,,-37.560666320430954
CP(C)(=O)C(CC(=O)N[C@H]1COC(=O)C1)C1=CC=CC=C1,Z5528298708,3277828,26700167,,,22,309.302,21,2.172,4,1,5,0.467,72.470,0.668,,True,,,True,True,True,,,True,M,AAABLBLFIVSDBR-PZORYLMUSA-N,,-35.35969965356212
CP(C)(=O)C(CC(=O)N[C@@H]1COC(=O)C1)C1=CC=CC=C1,Z5522925599,3062909,26700167,,,22,309.302,21,2.172,4,1,5,0.467,72.470,0.668,,True,,,True,True,True,,,True,M,AAABLBLFIVSDBR-UEWDXFNNSA-N,,-33.90453737565406
CCCOCC(=O)OCC1=C(C)N=NN1CC,Z2288738380,2031575,22128876,,,1458,241.291,17,1.076,6,0,7,0.727,66.240,0.528,,True,,,,True,,,,,,AAABLBPENIOLOT-UHFFFAOYSA-N,,-35.382306261795875
"C[C@@H]1CCCN(C(=O)[C@@H]2N[C@@H]3C[C@H]2CC3=O)[C@@H]1CO |&1:1,16,&2:8,10,12|",Z6187005732,24350195,26386139,,,240690,266.341,19,-0.075,4,2,2,0.857,69.640,0.734,,,,,True,,,,,True,M,"AAABLMIYJXAZTB-FBUUZDRASA-N,AAABLMIYJXAZTB-HMUNZLOLSA-N,AAABLMIYJXAZTB-UYNYGYNWSA-N,AAABLMIYJXAZTB-XPORZQOISA-N",,-36.60721659380503
CC(C)N1C=C(OCC(=O)NN2CCOC2=O)C=N1,Z5484153878,2239691,27223489,,,22,268.273,19,0.326,6,1,5,0.545,85.690,0.831,,,,,True,True,,,,,AAABLPGWFCDYEF-UHFFFAOYSA-N,,,-42.58473340923119
N#CC1=C2CN(C(=O)N[C@@H]3[C@H]4CCC[C@H]43)CC2=CC=C1,Z4979301838,3283887,3052303,,,2708,267.332,20,2.382,2,1,1,0.500,56.130,0.849,,,,,,True,,True,,AAABLQHUZFREKW-NHAGDIPZSA-N,,,,-38.56297689645522
O=C(C1CCC2=NC=NN2C1)N1CCC2=CN=CN=C2C1,Z3350792436,3789362,25966147,,,22,284.323,21,0.215,6,0,1,0.500,76.800,0.748,,,,,,True,True,,,,AAABMAZBJDEROE-UHFFFAOYSA-N,,,-40.17301516990625
COC1=CC=C(C(C)=O)C(OC(=O)C2CCC(=O)C2)=C1,Z2443113863,1322,2792510,,,276436,276.288,20,2.172,5,0,4,0.400,69.670,0.479,,True,,,True,True,True,,,,True,S,AAABMSCBBGOFSB-UHFFFAOYSA-N,-41.420735430687294
CN1N=CC(Cl)=C1CC(=O)N1CCC1C1=CC=CC(F)=C1,Z3049266262,3898795,9534462,,,22,307.756,21,2.729,3,0,3,0.333,38.130,0.874,,,,,,True,True,,,,AAABMVASFFZTKG-UHFFFAOYSA-N,,,-36.63498363328152
"C[C@@H]1[C@@H](O)CCN1C(=O)C1CC12CCC2 |&1:1,2|",Z2297667767,22127563,83106,,,22,209.289,15,1.158,2,1,1,0.917,40.540,0.704,,,,,,True,,True,,True,M,"AAABMXNSEPJOJT-DJBFQZMMSA-N,AAABMXNSEPJOJT-FIBVVXLUSA-N",,-37.941632936164794
"C[C@@H]1[C@H](O)CCN1C(=O)C1CC12CCC2 |&1:1,2|",Z2298361174,22128927,83106,,,22,209.289,15,1.158,2,1,1,0.917,40.540,0.704,,,,,,True,,True,,True,M,"AAABMXNSEPJOJT-RCAUJQPQSA-N,AAABMXNSEPJOJT-SMILAEQMSA-N",,-36.84636527574934
C[C@H]1[C@@H](O)CCN1C(=O)C1CC12CCC2,Z3613013261,24661421,83106,,,22,209.289,15,1.158,2,1,1,0.917,40.540,0.704,,,,,,True,,True,,,True,M,AAABMXNSEPJOJT-SMILAEQMSA-N,-38.132192466534555
CC(C)C1=CC(NCCN2CCNC2=O)=NC(C(C)C)=N1,Z2861674288,153683,4438067,,,27,291.399,21,2.160,4,2,6,0.667,70.150,0.842,,,,,,True,True,,,,,AAABNGIDAOMNDI-UHFFFAOYSA-N,,-35.39734349968068
CN1CCOC(CNC(=O)N2C[C@H]3COC[C@H]3C2)C1,Z2793202954,2049765,9546983,,,512,269.345,19,-0.395,4,1,2,0.923,54.040,0.741,,,,,,True,,,,,,AAABNJKIPOGKOS-FOSCPWQOSA-N,,-37.39490766164092
CC1=CC(F)=C(OC(=O)C23COC(C2)C3)C(F)=C1,Z4661122220,3647983,22496441,,,11,254.232,18,2.358,3,0,2,0.462,35.530,0.600,,True,,,True,True,,True,,,AAABNJMYWWYSGL-UHFFFAOYSA-N,,,-36.196468402669566
"COC(=O)[C@]12CN(CC(C)(C)C(F)(F)F)C[C@H]1CCCO2 |&1:4,16|",Z5213577107,26630276,26461551,,,2230,309.328,21,2.229,4,0,3,0.929,38.770,0.750,,,,,,True,True,,,,True,M,"AAABNTBCWSMNTC-GXFFZTMASA-N,AAABNTBCWSMNTC-MFKMUULPSA-N",-34.111799132078545
CC1(C)CC2(CCN(C(=O)CCCC(N)=O)C2)CO1,Z3867192607,26388695,2039604,,,527,268.357,19,1.060,3,1,4,0.857,72.630,0.828,,,,,,True,,,,,AAABOSFOTSISHW-UHFFFAOYSA-N,,,-33.119573491964154
CC1=NC=CC=C1CN1C(C(C)C)=NOC1=O,Z4108680845,2781904,10994075,,,7,233.271,17,1.711,5,0,3,0.417,60.920,0.809,,,,,True,True,,,,,,AAABPIJEZIULJJ-UHFFFAOYSA-N,,-42.58049245905094
COC1(C(=O)O)CN(CC2=NN(C(C)(C)C)N=N2)C1,Z3497750033,12408207,22960860,,,275532,269.305,19,-0.286,7,1,4,0.818,93.370,0.803,,,,,,True,,,,AAABPRIMACJYQL-UHFFFAOYSA-N,,,,-36.94631037300128
O=C1OCC(CNC(=O)N2CCC3CC2C(=O)N3)O1,Z3784541337,26338116,11425092,,,2708,269.257,19,-0.806,5,2,2,0.727,96.970,0.639,,,,,,True,,,,AAABQFDCCRETPB-UHFFFAOYSA-N,,,,-34.4008146602425
O=C1OC[C@H](CNC(=O)N2CCC3CC2C(=O)N3)O1,Z4035376222,26537219,11425092,,,512,269.257,19,-0.806,5,2,2,0.727,96.970,0.639,,,,,,True,,,,AAABQFDCCRETPB-WTIBDHCWSA-N,,,,-38.641549369409375
O=C1OC[C@@H](CNC(=O)N2CCC3CC2C(=O)N3)O1,Z4153492529,26559126,11425092,,,512,269.257,19,-0.806,5,2,2,0.727,96.970,0.639,,,,,,True,,,,AAABQFDCCRETPB-ZUEIMRROSA-N,,,,-38.288967296564756
COC1=CC([N+](=O)[O-])=CC=C1OCC1=NC=C(C)S1,Z1578703271,55338,7997375,,,7,280.305,19,2.947,6,0,5,0.250,74.490,0.621,,True,,,,True,True,,,,AAABQHIANRUWGE-UHFFFAOYSA-N,,,-34.018601721537856
"C[C@@H]1CNCC[C@@H]1C(=O)NC1=CC=C(F)C=C1CC(=O)O |&1:1,6|",Z5490047342,26988869,22199837,,,273450,294.326,21,1.637,3,3,4,0.467,78.430,0.789,,,,,,True,True,,,,,S,"AAABQIIQVQJXDY-JOYOIKCWSA-N,AAABQIIQVQJXDY-SKDRFNHKSA-N",-33.34117488487117
CCCOCCN1CCC(N2C[C@H](C)O[C@H](C)C2)CC1,Z3653926832,3016327,62560,,,2230,284.444,20,1.987,4,0,6,1.000,24.940,0.696,,True,,,,True,True,,,,,AAABQLJHYQBFMC-GASCZTMLSA-N,,-33.89725673826066
CC1=CC=C(C(=O)NCCCCN2C=NN=C2)C=C1C#N,Z1994339606,3898635,3592247,,,11,283.335,21,1.668,5,1,6,0.333,83.600,0.817,,True,,,,True,True,,,,,AAABQSRMYSUNCO-UHFFFAOYSA-N,,-36.216403235184096
COC(=O)C1=CC(Br)=CC(OC(=O)C2CCCOC2C)=C1,Z1843641398,2241330,10741597,,,11,357.200,21,2.956,5,0,3,0.467,61.830,0.615,,True,,,True,True,,,,,AAABQYVNYDKYGK-UHFFFAOYSA-N,,,-33.61945778353304
"CN(C)CC1CCN(C(=O)C2=NO[C@@H]3COC[C@H]23)C1 |&1:13,17|",Z3842109805,7844010,26391382,,,22,267.329,19,-0.202,5,0,3,0.846,54.370,0.710,,,,,True,True,,,"AAABQYYTVHECQC-QXXIUIOUSA-N,AAABQYYTVHECQC-ZOCYIJKUSA-N",,,,,-37.515569777720984
CNC(=O)CN1CCN(C(=O)[C@@]2(C)C[C@@H]2C)CC1,Z5580642539,603006,34422659,,,22,253.346,18,-0.077,3,1,3,0.846,52.650,0.765,,,,,,True,,True,,AAABRLWMQPQGMI-GWCFXTLKSA-N,,,,-34.25223165062131
"CNC(=O)CN1CCN(C(=O)[C@@]2(C)C[C@@H]2C)CC1 |&1:11,14|",Z5635575004,603006,24625838,,,22,253.346,18,-0.077,3,1,3,0.846,52.650,0.765,,,,,,True,,True,,,,M,"AAABRLWMQPQGMI-GWCFXTLKSA-N,AAABRLWMQPQGMI-ZWNOBZJWSA-N",-34.25223165981583
CNC(=O)CN1CCN(C(=O)[C@]2(C)C[C@H]2C)CC1,Z5580611636,603006,3481476,,,22,253.346,18,-0.077,3,1,3,0.846,52.650,0.765,,,,,,True,,True,,,,AAABRLWMQPQGMI-ZWNOBZJWSA-N,,-33.09435621933389
"O=C(N1CC2CCC(C1)O2)N1CCC[C@@H]2CC[C@@H]21 |&1:14,17|",Z3832686513,26020892,13147888,,,40,250.342,18,1.844,2,0,0,0.929,32.780,0.657,,,,,,True,,True,,,True,M,"AAABRMBJJICKIE-XVSSEFHLSA-N,AAABRMBJJICKIE-YWPUVAFDSA-N",-34.13515723764415
"CN1C(=O)CN(C2=CC=C(C3=CC=NN3C)N=N2)[C@H]2C[C@H]21 |&1:18,20|",Z3650701079,26368014,9911867,,,27,284.323,21,0.296,6,0,2,0.429,67.150,0.793,,,,,,True,True,,,,,M,"AAABRNZQKMLZNG-NEPJUHHUSA-N,AAABRNZQKMLZNG-NWDGAFQWSA-N",-42.11586582631389
CC1(C(=O)OCCC2=NN=NN2)CCC2(CC1)OCCO2,Z3165870611,2799323,7097612,,,276436,296.327,21,0.609,7,1,4,0.846,99.220,0.812,,,,,,True,True,,,,,AAABRZXFRPGGRP-UHFFFAOYSA-N,,-33.60309880469434
COC(=O)CC1CSCCN1C(=O)C1=NC=CC(Cl)=C1Cl,Z6111838902,3575079,75842,,,11,349.239,21,2.509,5,0,3,0.462,59.500,0.785,,,,,,True,True,,,,,AAABSNGCDLAPSR-UHFFFAOYSA-N,,-35.57721435491204
CC(C)C1=NN(C2CCN(C3=NC(Br)=CO3)CC2)C(O)=N1,Z4233426499,24843302,12408798,,,27,356.224,21,2.699,7,1,3,0.615,80.210,0.911,,,,,,True,,,AAABSOSRWNWWPZ-UHFFFAOYSA-N,,,,,-38.94267378688706
COC(=O)C1CCC(C)(C)N1C(=O)C12CCC(F)(CO1)C2,Z5750587647,3806190,27072866,,,22,299.342,21,1.590,4,0,2,0.867,55.840,0.727,,,,,,True,True,,,True,M,AAABSQDPHPIWFZ-UHFFFAOYSA-N,,-33.01522919319207
"COC1=C(Cl)C=C(NC(=O)[C@@H]2[C@H](CN)C2(F)F)C=C1Cl |&1:10,11|",Z2825054062,2083431,24367021,,,240690,325.142,20,2.780,3,2,4,0.417,64.350,0.895,,,,,,True,True,,,,,M,"AAABSUUNDMQTGT-HZGVNTEJSA-N,AAABSUUNDMQTGT-RCOVLWMOSA-N",-33.93599912626046
CC1=C(Br)C(C(=O)OCCOCCC#N)=C(C)S1,Z3571474288,7927302,3526388,,,1458,332.219,18,3.215,5,0,6,0.500,59.320,0.593,,True,,,,True,,,,,,AAABSZVTTYJZDL-UHFFFAOYSA-N,,-33.87069726688773
"O[C@H]1[C@H]2C[C@@H]([C@H]1O)N(CC1=CC(Br)=NO1)C2 |&1:1,2,4,5|",Z3322696281,26045300,3040177,,,270004,289.129,16,0.363,5,2,2,0.700,69.730,0.823,,,,,,True,True,,,,,M,"AAABTBLOIBTKJN-PXMQNUKVSA-N,AAABTBLOIBTKJN-ZGDSCGAWSA-N",-36.55587124939976
O=C(C1=C(F)C=C(F)C=C1Cl)N1C2CCCC1C2,Z5629100224,3449198,3102566,,,22,271.694,18,3.385,1,0,1,0.462,20.310,0.767,,,,,,True,,,,,,AAABUDVUHUFUDZ-UHFFFAOYSA-N,,-33.691932293056674
COC1(C)CCCN(C(=O)C2=NN(C)C(=O)CC2)C1,Z1940612765,11916019,39180,,,11,267.329,19,0.622,4,0,2,0.769,62.210,0.737,,,,,True,True,,,,,AAABUERTGBYCQE-UHFFFAOYSA-N,,,-33.24523551920129
"O=C(O)[C@H]1[C@@H]2C[C@H]1CN2CC1=CC(Cl)=CS1 |&1:3,4,6|",Z4494053148,26629397,3062429,,,274370,257.742,16,2.306,3,1,3,0.545,40.540,0.903,,,,,,True,,True,,,,M,"AAABUFUVVINSSD-DRTBCBBWSA-N,AAABUFUVVINSSD-JMOVZRAMSA-N",-33.05544433280762
CC1=NNC(CSC2=NN=C(C3=CN=CS3)N2C)=N1,Z2769279925,13829132,17602288,,,7,293.381,19,1.657,8,1,4,0.300,85.170,0.736,,,,,,True,,,,AAABUGQJGSJLNT-UHFFFAOYSA-N,,,,-40.3506698351796
"CN1N=CC(S(=O)(=O)N2C[C@@H]3NCCO[C@@H]3C2)=N1 |&1:10,15|",Z3268516683,22241805,21558197,,,270084,273.318,18,-1.824,7,1,2,0.778,89.350,0.682,,,,,,True,True,,,,,M,"AAABUGZRBWZDQG-JGVFFNPUSA-N,AAABUGZRBWZDQG-SFYZADRCSA-N",-35.79818807987354
C=CCC(C)(C)C(=O)OCCCC1=CC=NC=N1,Z2289444020,17591032,81697,,,276436,248.326,18,2.555,4,0,7,0.500,52.080,0.423,,True,,,,True,,,,,,AAABUIRLACNTOT-UHFFFAOYSA-N,,-33.07389744446013
CCC1=C(CN2CCC(CC(=O)N(C)C)CC2)C(C)=NO1,Z2948578760,5170589,24605636,,,2230,293.411,21,2.236,4,0,5,0.750,49.580,0.835,,,,,,True,True,,,,AAABUPUWAFKRLD-UHFFFAOYSA-N,,,-36.5999940473372
COC(=O)N(C)CCOC(=O)C1=CC=C2C=CN=CC2=C1,Z4045807786,7392819,2804390,,,276436,288.303,21,2.090,5,0,4,0.267,68.730,0.806,,,,,,True,True,,,,,AAABUZYPJSOERZ-UHFFFAOYSA-N,,-36.8109074317079
"O=C1N[C@@H]2CCN(C3=NC=NN4C=CC=C34)C[C@H]2CO1 |&1:3,17|",Z4192142236,22244742,3068003,,,27,273.296,20,0.664,6,1,1,0.462,71.760,0.826,,,,,,True,True,,"AAABVBHJFVENLG-VHSXEESVSA-N,AAABVBHJFVENLG-ZJUUUORDSA-N",,,,,-38.36285183734186
CCOCCN(C)C(=O)C1=CC(S(C)(=O)=O)=CC=C1Cl,Z1580755146,3569330,15286,,,11,319.810,20,1.852,4,0,6,0.462,63.680,0.751,,True,,,,True,True,,,,,AAABVECFFGOPCG-UHFFFAOYSA-N,,-33.028488630844414
"CN1N=NC(COC(=O)[C@@H]2OC[C@@H]3CCC[C@@H]32)=N1 |&1:9,12,16|",Z2862235900,24366361,3526145,,,1458,252.274,18,0.068,7,0,3,0.818,79.130,0.708,,,,,,True,,"AAABVJLQTRNDKO-MRTMQBJTSA-N,AAABVJLQTRNDKO-OYNCUSHFSA-N",,,,,,-39.02134975326609
"O=C(O[C@H]1COC[C@H]1F)C1CCCC2(CCC2)O1 |&1:3,7|",Z5215913719,21360352,26668073,,,1458,258.289,18,1.758,4,0,2,0.923,44.760,0.708,,,,,,True,,,True,M,"AAABVKSLMGLOJO-FBKFWFMHSA-N,AAABVKSLMGLOJO-KHUXNXPUSA-N",,,-33.97466122318593
CC1=C(CC(O)C(=O)N2CC(=O)N(C)C2)NC=N1,Z4320286277,3449353,26580363,,,22,252.274,18,-1.120,4,2,3,0.545,89.530,0.713,,,,,,True,,,,,AAABVONDNAWUPU-UHFFFAOYSA-N,,,-34.52048494824396
"COC(=O)[C@@H]1CC[C@H](C(=O)NC(C)C2=CC=CN=C2C)C1 |&1:4,7|",Z4077305513,26758991,20240196,,,22,290.363,21,2.157,4,1,4,0.562,68.290,0.863,,,,,,True,True,,,,,M,"AAABVQASRFUWHP-HDYSRYHKSA-N,AAABVQASRFUWHP-LWNNLKQOSA-N",-33.45945058839898
"COC(=O)[C@@H]1CC[C@H](C(=O)N[C@@H](C)C2=CC=CN=C2C)C1 |&1:4,7|",Z5591668535,26768859,20240196,,,22,290.363,21,2.157,4,1,4,0.562,68.290,0.863,,,,,,True,True,,,,,M,"AAABVQASRFUWHP-RWMBFGLXSA-N,AAABVQASRFUWHP-XQQFMLRXSA-N",-36.88788517175686
CC1=NSC(CNC(=O)C2(N3C=CC=N3)CCOCC2)=C1,Z4492332848,3279902,24763961,,,22,306.391,21,1.470,6,1,4,0.500,69.040,0.929,,,,,,True,True,,,,AAABWCAHDOCJJJ-UHFFFAOYSA-N,,,-35.65548117471032
O=C(O)CCC1CCN(C(=O)C2=CC=CC3=C2OCO3)C1,Z3655838220,3061986,1858309,,,272610,291.303,21,1.742,4,1,4,0.467,76.070,0.914,,,,,,True,True,,,,,AAABWGBQCWQQAF-UHFFFAOYSA-N,,-35.92236593820989
"CO[C@@H]1C[C@]2(C(=O)NCC3(C(=O)O)CCCO3)C[C@H]12 |&1:2,4,18|",Z4144058056,26360229,26394558,,,188690,269.297,19,0.161,4,2,5,0.846,84.860,0.742,,,,,,True,,,,,True,M,"AAABWTFXEVEOKL-ARHKDYQPSA-N,AAABWTFXEVEOKL-KXSWTFMQSA-N",-33.90988819535409
"CO[C@@H]1C[C@@]2(C(=O)NCC3(C(=O)O)CCCO3)C[C@@H]12 |&1:2,4,18|",Z3445943098,26706622,26304031,,,272610,269.297,19,0.161,4,2,5,0.846,84.860,0.742,,,,,,True,,,,,True,M,"AAABWTFXEVEOKL-PBEJQYHQSA-N,AAABWTFXEVEOKL-XYINWRBLSA-N",-35.641304182245705
CS(C)(=O)=NC(=O)COC(=O)C1=CC=C2ON=CC2=C1,Z4398689803,22954421,3661924,,,276436,296.304,20,1.239,6,0,3,0.250,98.830,0.790,,,,,,True,True,,,AAABWXXMASCFPF-UHFFFAOYSA-N,,,,-35.81770118771518
O=C(OCC1=C(Br)C=CS1)C1CSCN1C(=O)C1CCC1,Z1146402977,2078727,2027610,,,1458,390.324,21,3.255,5,0,4,0.571,46.610,0.741,,,,,,True,,,,,,AAABXKJQEXYUBT-UHFFFAOYSA-N,,-35.468979890376765
CN1C=CC(C23CC(CN2C(=O)C2CCOCC2)C3)=N1,Z3713030485,26055079,32262,,,22,275.352,20,1.294,4,0,2,0.733,47.360,0.817,,,,,,,,,,,AAABXYHQNYPLIQ-UHFFFAOYSA-N,,,-37.178405963330306
O=C(CSC1=NN=CN1C1CC1)NC1=CC(F)=CC(F)=N1,Z4330827427,3668011,42254,,,11,311.317,21,2.017,6,1,5,0.333,72.700,0.675,,True,,,,True,True,,,,,AAABXZCDQMFVBM-UHFFFAOYSA-N,,-34.34241123390067
COC(=O)C1=CN(CC(=O)NOCCOC(C)(C)C)C=N1,Z6033174341,17583370,26578414,,,22,299.327,21,0.533,7,1,7,0.615,91.680,0.449,,True,,,,True,True,,,AAABYMCUSZUTOR-UHFFFAOYSA-N,,,,-34.894627663958225
CCC1=C(C(=O)OC2=CC=C(C#N)C=C2F)N(C)C(C)=N1,Z4665622277,201417,26034896,,,11,287.294,21,2.521,5,0,3,0.267,67.910,0.642,,True,,,True,True,True,,,AAABYPHLLABPMR-UHFFFAOYSA-N,,,,-38.486868442330206
CC1=CC=NC2=NC(C(=O)NCC3=NN=CN3)=NN12,Z1175141294,1404650,5582,,,22,258.245,19,-0.519,7,2,3,0.200,113.750,0.653,,,,,,True,,,,,,AAABYWLMLNLUJS-UHFFFAOYSA-N,,-34.13709802553941
CC(=CC1=CC=CC(Cl)=C1)C(=O)N1CCC(C)S1(=O)=O,Z3357962416,19196566,2991889,,,2740,313.806,20,2.694,3,0,2,0.357,54.450,0.789,,True,,,True,True,True,,,AAABYZBPBSRIQH-UHFFFAOYSA-N,,,,-33.726124586104476
CN1CCCC[C@H]1C1=NC(C2CCOC2(C)C)=NO1,Z3368319681,22132645,3478827,,,270196,265.357,19,2.509,5,0,2,0.857,51.390,0.822,,,,,,True,,,,,AAABZKAEIFABBX-DTIOYNMSSA-N,,,-35.50236236760299
CN1CCCC[C@@H]1C1=NC(C2CCOC2(C)C)=NO1,Z4250669970,22132645,3478616,,,270196,265.357,19,2.509,5,0,2,0.857,51.390,0.822,,,,,,True,,,,,AAABZKAEIFABBX-RRKGBCIJSA-N,,,-36.00683372985308
"CC1(C)C(C(=O)O)CCN1C(=O)[C@@H]1CCC[C@H]1C1CC1 |&1:12,16|",Z4570990450,26360425,24786795,,,272610,279.380,20,2.524,2,1,3,0.875,57.610,0.863,,,,,,True,True,True,,,True,M,"AAABZSKVTFRLDE-LAGVYOHYSA-N,AAABZSKVTFRLDE-OJRHAOMCSA-N",-35.466840879150844
C=C(C)COCCNC(=O)C1=CC2=C(CCOC2)N=N1,Z4021389731,10990525,26554984,,,527,277.324,20,0.872,5,1,6,0.500,73.340,0.617,,True,,,,True,True,,,AAABZVIFDVRWEG-UHFFFAOYSA-N,,,,-33.220415585099964
CC(C)OC1=CC=CN=C1NC(=O)C1=NOC(CF)=C1,Z3438517644,16729746,3479904,,,527,279.271,20,2.579,5,1,5,0.308,77.250,0.910,,,,,True,True,True,,,,AAACAAWSKSFJEK-UHFFFAOYSA-N,,,-35.77604655533171
CC1=CC=C(COC(=O)C2=NN3CCCOC3=C2C)C=C1,Z2287520577,3590662,5366,,,1458,286.331,21,2.639,5,0,3,0.375,53.350,0.814,,,,,,True,True,,,,,AAACASZZCRDNKY-UHFFFAOYSA-N,,-33.390075105169046
COC1=CC(OC(=O)C2CC(=C3CCC3)C2)=CC=C1C#N,Z4664009087,8157684,22975920,,,11,283.327,21,3.363,4,0,3,0.412,59.320,0.485,,True,,,True,True,,,,,AAACBCGVDLZNMX-UHFFFAOYSA-N,,,-38.32948532178812
CC1=C(C#N)C(SC(C)C(=O)O)=NC=N1,Z5533635875,2294,3045898,,,27,223.257,15,1.222,5,1,3,0.333,86.870,0.612,,,,,,True,,,,,,MAAACBDPMSXNPHF-UHFFFAOYSA-N,,-34.662220738265034
COC(=O)C1=CC=C(NC(=O)CC2CCOC2=O)C=C1,Z4098551929,565,3480895,,,22,277.276,20,1.365,5,1,4,0.357,81.700,0.840,,,,,,True,True,,,,,AAACCGSPVQHXDA-UHFFFAOYSA-N,,-36.87720548885098
CC1=C(C2=NC(N(C)C)=NO2)C=NN1C1=CC=CC(Cl)=C1,Z1460275356,3673866,231119,,,265764,303.753,21,2.950,6,0,3,0.214,59.980,0.744,,,,,,True,,,,,AAACCPNSINYJAL-UHFFFAOYSA-N,,,-37.73523968413073
COC(=O)C1(N2C=C(C3=CC(F)=CC(Br)=C3)N=N2)CC1,Z5410191487,11286596,26230103,,,273910,340.152,20,2.509,5,0,3,0.308,57.010,0.806,,,,,,True,True,,AAACCUUESACXII-UHFFFAOYSA-N,,,,,-34.417954492190624
O=C(C1=CN=C(C(F)F)N=C1)N1CC(N2C=NC=N2)C1,Z5469613481,2192493,3589510,,,22,280.238,20,0.703,6,0,3,0.364,76.800,0.827,,,,,,True,True,,,,AAACDNAYAMCXMW-UHFFFAOYSA-N,,,-38.56225512727866
CS(=O)(=O)NC1=CN=CC(C(=O)N2CC3(C2)CS(=O)C3)=C1,Z4467001469,26621104,7366959,,,22,329.403,21,-0.342,5,1,3,0.500,96.440,0.818,,,,,,True,True,,,AAACDNWZSJOBAX-UHFFFAOYSA-N,,,,-40.19516791175248
N#C[C@]1(O)C[C@@H](C(=O)OCCC2CCCC(=O)O2)C1,Z3575197597,26047235,11301141,,,1458,267.281,19,0.680,6,1,4,0.769,96.620,0.594,,True,True,True,True,True,,,True,M,AAACDQBZJJWFIW-PKTFVEBMSA-N,,,-36.170116784729096
CC1=NC(F)=CC=C1CNC(=O)C1=CN=C(C(C)O)S1,Z5604484715,34268141,11251268,,,22,295.339,20,1.969,5,2,4,0.308,75.110,0.846,,True,,,,True,True,,,AAACEEGZIFPKFA-UHFFFAOYSA-N,,,,-35.56356261502458
CC1=NC(CCNC(=O)C2=CC(F)=C(Br)C=C2Cl)=C(C)O1,Z1952622232,3041886,75545,,,22,375.625,21,3.819,3,1,4,0.286,55.130,0.827,,True,,,,True,,,,,AAACFLGACFMBMW-UHFFFAOYSA-N,,,-34.22914081572207
COC1=CC=CC(CSCC2=CN=C(C)N=C2)=C1,Z2067094899,2050416,3702771,,,7,260.362,18,3.227,4,0,5,0.286,35.010,0.826,,,,,,True,,,,,,AAACFNVRHFJXCH-UHFFFAOYSA-N,,-34.782481573669216
C=CCOCCCNC(=O)C(=O)NCC1=NC=C(C)N=C1,Z3529936930,4737014,26360216,,,271948,292.339,21,0.110,5,2,8,0.429,93.210,0.403,,True,True,,,True,True,,,,AAACFXDGBJVDBP-UHFFFAOYSA-N,,,-34.74071993555737
CSC1=CN=CC(N2C[C@H]3[C@H](Br)[C@H]3C2)=N1,Z2861738988,24371065,3899168,,,27,286.198,15,2.028,4,0,2,0.600,29.020,0.614,,True,True,,True,True,True,,,AAACGFAJMLHLPK-MTBHXBHISA-N,,,,-35.37348269337676
O=C(CN1CCCCC1=O)OCC1=NC(CO)=CC=C1,Z3816883444,435797,67831,,,1458,278.308,20,0.630,5,1,5,0.500,79.730,0.799,,,,,,True,True,,,,,AAACGGGWEOMBGY-UHFFFAOYSA-N,,-34.32851470392822
CCC1=NOC(CC)=C1CC(=O)NCCC#C[Si](C)(C)C,Z2914111336,3101933,3622167,,,22,306.482,21,2.729,3,1,6,0.625,55.130,0.499,,True,,,True,True,True,,,,,AAACGHMFJCWGOA-UHFFFAOYSA-N,,-38.16864009977163
CC1(C)CC(C(=O)N2CC(C(F)(F)F)C2)CC(C)(C)O1,Z3191420908,3564821,17434740,,,22,293.329,20,2.991,2,0,1,0.929,29.540,0.744,,,,,,True,True,True,,AAACGIFIEUWGFE-UHFFFAOYSA-N,,,,-33.17486691376521
"NC[C@@]1(F)CC[C@@H](C(=O)N2CC(OC3=CC=NC=C3)C2)C1 |&1:2,6|",Z6370944739,2204623,26388153,,,240690,293.342,21,1.138,4,1,4,0.600,68.450,0.904,,,,,,True,True,,,,,M,"AAACGWRXPXBOJV-IAQYHMDHSA-N,AAACGWRXPXBOJV-NHYWBVRUSA-N",-33.086299399643075
COC(=O)COC1CN(C2=NN=C(C(F)(F)F)S2)C1,Z3560828962,26287366,7014798,,,27,297.258,19,0.935,7,0,4,0.667,64.550,0.771,,,,,,True,True,,,,AAACGYIBRFPHFS-UHFFFAOYSA-N,,,-33.83132056331039
"COC(=O)C(C)(O)CNC(=O)[C@@H]1C[C@H]1C1(C)COC1 |&1:11,13|",Z5522270791,13976461,26270060,,,22,271.313,19,-0.301,5,2,5,0.846,84.860,0.671,,,,,,True,True,,,,True,M,"AAACHBVJAXDRMR-AOQUAJLESA-N,AAACHBVJAXDRMR-MDVRNYMKSA-N",-34.69831866744017
CC1=NC=C(CNC(=O)N(C)[C@H]2C[C@H](O)C2)S1,Z4068430995,2016644,3091794,,,2708,255.343,17,1.116,4,2,3,0.636,65.460,0.850,,,,,,True,,,,,AAACHQFPEPENJU-KYZUINATSA-N,,,-33.88333281209098
O=C(NC1=C(F)C=C(Cl)C=C1F)C(=O)N1C[C@H]2CC[C@@H]1C2,Z3874477596,2048567,2243692,,,2718,314.719,21,2.568,2,1,1,0.429,49.410,0.810,,True,True,,,True,True,,,AAACHWDYGXBAEF-IONNQARKSA-N,,,,-34.85774935978829
C[C@@H]1C[C@@]1(C)C(=O)N(C)CC1=CN=CC(Br)=C1,Z5580615563,27321729,3481476,,,22,297.196,17,2.849,2,0,3,0.538,33.200,0.859,,,,,,True,True,True,,AAACIDZMXOYMDT-NOZJJQNGSA-N,,,,-37.35722377112482
"C[C@@H]1C[C@@]1(C)C(=O)N(C)CC1=CN=CC(Br)=C1 |&1:1,3|",Z5635462742,27321729,24625838,,,22,297.196,17,2.849,2,0,3,0.538,33.200,0.859,,,,,,True,True,True,,,,M,"AAACIDZMXOYMDT-NOZJJQNGSA-N,AAACIDZMXOYMDT-ZANVPECISA-N",-37.35722384468092
C[C@H]1C[C@]1(C)C(=O)N(C)CC1=CN=CC(Br)=C1,Z5580646715,27321729,34422659,,,22,297.196,17,2.849,2,0,3,0.538,33.200,0.859,,,,,,True,True,True,,,,M,AAACIDZMXOYMDT-ZANVPECISA-N,-36.45961742682894
CCCN1C(=O)N([C@@H](C)C2=CN=CC(F)=C2)C(=O)C1CC,Z2367958428,3021799,17095549,,,272104,293.342,21,2.735,3,0,5,0.533,53.510,0.784,,True,,,,True,True,,,AAACIEALVADXIA-NKUHCKNESA-N,,,,-37.68752024142766
CCCN1C(=O)N(C(C)C2=CN=CC(F)=C2)C(=O)C1CC,Z1869974951,8090994,17095549,,,272104,293.342,21,2.735,3,0,5,0.533,53.510,0.784,,True,,,,True,True,,,AAACIEALVADXIA-UHFFFAOYSA-N,,,,-35.464294551052035
"COCCC1(C(=O)N2C[C@@H](C)[C@H](CN)C2)CCN(C)CC1 |&1:9,11|",Z4054988366,24575378,24271522,,,240690,297.443,21,0.788,4,1,5,0.938,58.800,0.815,,,,,,True,True,,,,,M,"AAACIJGVVRISOE-KBPBESRZSA-N,AAACIJGVVRISOE-ZIAGYGMSSA-N",-34.39609016379064
CC1=C(Br)C=CC(N)=C1C(=O)OCC1=NN(C)C(=O)N1,Z1745782185,15159674,11915964,,,1458,341.165,20,1.119,6,2,3,0.250,103.000,0.643,,True,,,,True,True,,AAACINWCGRAUML-UHFFFAOYSA-N,,,,,-33.5613374832185
COCC(COC)OC(=O)C(C)(C)C1=CC(C)=CC=N1,Z3010729439,24221610,3703230,,,1458,281.352,20,1.872,5,0,7,0.600,57.650,0.714,,,,,,True,True,,,,AAACIPMGNIAYNB-UHFFFAOYSA-N,,,-33.04755555431315
COC1=C(Cl)C=C(NC(=O)CN2N=CN=C2C)C=C1Cl,Z4288087735,2083431,26589173,,,22,315.160,20,2.541,5,1,4,0.250,69.040,0.941,,,,,,True,True,,,,AAACIUCPDABHFL-UHFFFAOYSA-N,,,-36.397612324024884
CNC1=CN=C(C(=O)N2CCC3(COC(=O)N3)C2)C=N1,Z5124399503,24374828,9335333,,,22,277.284,20,-0.157,6,2,2,0.500,96.450,0.780,,,,,,True,True,,,,AAACIUDJNDCVRI-UHFFFAOYSA-N,,,-33.117738745522836
CC1=CC(N[C@@H]2[C@H]3COC[C@H]32)=C(C#N)C=N1,Z2409630366,3340224,2993473,,,27,215.256,16,1.318,4,1,2,0.500,57.940,0.808,,,,,,True,,,,,AAACJDPSCUJKOP-IAZYJMLFSA-N,,,-41.65357651203333
O=C(C1=NOCC1)N1CCC2(CC1)COCC(CO)O2,Z5365224065,26766888,3478910,,,22,284.312,20,-0.468,6,1,2,0.846,80.590,0.741,,,,,True,True,True,,,,True,M,AAACJGFXFXWJJB-UHFFFAOYSA-N,-38.113156553855504
CC(C)N1N=CC(C(=O)NC2(C3=NC=CO3)CCCC2)=N1,Z5615653298,34265190,3772836,,,22,289.339,21,2.046,6,1,4,0.571,85.840,0.931,,,,,,True,True,,,AAACJJNRIHSUNG-UHFFFAOYSA-N,,,,-37.17253672027675
CSC1CN(C(=O)C2=CC=NC(C(C)C)=N2)C(C)(C)C1,Z5600788636,27202981,8841714,,,22,293.436,20,2.956,4,0,3,0.667,46.090,0.859,,,,,,True,True,,,AAACJLIHQZOMIM-UHFFFAOYSA-N,,,,-33.27626606099588
CC1(C2CN(C(=O)C3=NN=C4COCCN43)CCO2)CC1,Z5339700475,27230834,26379708,,,22,292.339,21,0.449,6,0,2,0.786,69.480,0.791,,,,,,True,True,,,AAACJPARGOEUNZ-UHFFFAOYSA-N,,,,-39.65216711329184
CC1(C)OC[C@H](CN2C(=O)[C@@H]3C[C@@H]4CCC[C@@H]4N3C2=O)O1,Z4445213279,2998406,11549005,,,272104,294.351,21,1.343,4,0,2,0.867,59.080,0.721,,True,,,,True,True,,,,True,M,AAACJSVWEZCTSR-BJDJZHNGSA-N,-42.22272208869692
CC1(C)OC[C@@H](CN2C(=O)[C@@H]3C[C@@H]4CCC[C@@H]4N3C2=O)O1,Z4445229446,2997258,11549005,,,272104,294.351,21,1.343,4,0,2,0.867,59.080,0.721,,True,,,,True,True,,,,True,M,AAACJSVWEZCTSR-USZNOCQGSA-N,-41.483606546169085
CC1(C)OCC(CN2C(=O)[C@@H]3C[C@@H]4CCC[C@@H]4N3C2=O)O1,Z3349132877,3882998,11549005,,,272104,294.351,21,1.343,4,0,2,0.867,59.080,0.721,,True,,,,True,True,,True,M,AAACJSVWEZCTSR-XHGCHNAGSA-N,,,-40.78009016732912
CCC1=NC(C)=C(C(=O)N2CC(C(O)CO)C2)O1,Z4926167951,27208575,2802646,,,22,254.286,18,-0.029,5,2,4,0.667,86.800,0.788,,,,,,True,,,,,AAACJVDJKCFZPD-UHFFFAOYSA-N,,,-38.469451646401666
CC(C)CC(C)C1=NOC(C2=CN=C3C=NC=CC3=C2)=N1,Z4564155076,9046481,3060250,,,270196,282.347,21,3.829,5,0,4,0.375,64.700,0.727,,,,,,True,,,,,AAACJYPPZFNKLC-UHFFFAOYSA-N,,,-39.28625423039699
"O=C(COC(=O)[C@@H]1NC(=O)[C@@H]2C[C@@H]21)NC1=CC=CC=C1 |&1:6,10,12|",Z3819336986,26380649,8466957,,,1458,274.276,20,0.303,4,2,4,0.357,84.500,0.774,,,,,,True,True,,,,,M,"AAACKADRYQNVOZ-HOSYDEDBSA-N,AAACKADRYQNVOZ-SCVCMEIPSA-N",-34.51683817040272
"N[C@@H]1CC=CC[C@@H]1C1=NC(C2=CN=C3C=NC=CN23)=NO1 |&1:1,6|",Z3495874873,3649311,22163675,,,271362,282.307,21,1.540,7,1,2,0.286,95.130,0.716,,True,,,,True,,"AAACKCLCAGFHLQ-VHSXEESVSA-N,AAACKCLCAGFHLQ-ZJUUUORDSA-N",,,,,,-38.766658613402385
O=C(C[C@H]1CCCO1)N1CC(N2N=NN=C2C(F)(F)F)C1,Z4351364390,26607863,3524786,,,22,305.260,21,0.644,6,0,3,0.818,73.140,0.819,,,,,,True,True,,,AAACKDBJRMQDAS-MRVPVSSYSA-N,,,,-33.33651530397126
O=C(C[C@@H]1CCCO1)N1CC(N2N=NN=C2C(F)(F)F)C1,Z4351364397,26607863,17379496,,,22,305.260,21,0.644,6,0,3,0.818,73.140,0.819,,,,,,True,True,,AAACKDBJRMQDAS-QMMMGPOBSA-N,,,,,-33.52728573805277
CC1=C(Cl)SC(Cl)=C1C(=O)N1CCCC(C)(C(=O)O)C1,Z4014694789,6834708,11423714,,,269946,336.240,20,3.690,3,1,2,0.538,57.610,0.896,,,,,,True,,,,AAACLOPZKKJLKF-UHFFFAOYSA-N,,,,-34.7440157680776
CCOC(=O)[C@@H]1C[C@H](F)CN1C(=O)COCCC(C)C,Z3613843283,26055901,2020409,,,22,289.347,20,1.551,4,0,7,0.857,55.840,0.527,,True,,,,True,True,,,AAACLPBJMGRNNO-RYUDHWBXSA-N,,,,-34.26762797786597
C=CCC1(C(=O)OCC)CCN(C(=O)C2=NOC(C)C2)C1,Z3896243723,26019115,3479580,,,527,294.351,21,1.509,5,0,5,0.667,68.200,0.569,,True,,,True,True,True,,,,AAACLUZJABMKNO-UHFFFAOYSA-N,,,-35.291337527360206
COC1=CC(CC(=O)N2CCCOC(CF)C2)=NC=N1,Z4292162295,22132280,26536111,,,22,283.303,20,0.615,5,0,4,0.615,64.550,0.810,,,,,,True,True,,,AAACLUZNZGSUBF-UHFFFAOYSA-N,,,,-34.591734774080294
O=C(C=C(I)C1=CC=CC=C1)N1[C@H]2CC[C@@H]1C[C@H](O)C2,Z4326086628,2786624,26299015,,,22,383.229,20,2.977,2,1,2,0.438,40.540,0.630,,True,,,True,True,,,True,S,AAACLZPCOYTGFF-WDNDVIMCSA-N,,,-33.697078642904586
CC1=CC=CC2=C1N(CC1CC3(CC3)C(=O)O1)C(=O)S2,Z3339990909,3000031,26383730,,,7,289.356,20,2.467,5,0,2,0.467,48.300,0.798,,,,,,True,True,,,AAACMJJAHUWDBZ-UHFFFAOYSA-N,,,,-34.898523341831236
CC1(C)CC2C(CN1C1=NC=C3COCCC3=N1)C2(F)F,Z5138601948,26763198,3683199,,,27,295.333,21,2.419,4,0,1,0.733,38.250,0.797,,,,,,True,True,,,,AAACMSRPTMFCRM-UHFFFAOYSA-N,,,-33.10247451123199
COC(=O)[C@H]1C[C@H](OC)CN1C(=O)C1=CN=CC=C1Br,Z4475936892,26015546,6924738,,,22,343.177,20,1.247,5,0,3,0.462,68.730,0.773,,,True,,,True,True,,,AAACMWOGMYOTPB-GZMMTYOYSA-N,,,,-37.42613406262731
COC(=O)[C@@H]1C[C@@H](OC)CN1C(=O)C1=CN=CC=C1Br,Z4296194527,3016528,6924738,,,22,343.177,20,1.247,5,0,3,0.462,68.730,0.773,,,True,,,True,True,,,,AAACMWOGMYOTPB-KCJUWKMLSA-N,,,-36.72847808172054
COC(=O)[C@@H]1C[C@H](OC)CN1C(=O)C1=CN=CC=C1Br,Z4473307491,26015547,6924738,,,22,343.177,20,1.247,5,0,3,0.462,68.730,0.773,,,True,,,True,True,,,AAACMWOGMYOTPB-KWQFWETISA-N,,,,-36.69710162630152
COC(=O)[C@H]1C[C@@H](OC)CN1C(=O)C1=CN=CC=C1Br,Z4473324805,3816624,6924738,,,22,343.177,20,1.247,5,0,3,0.462,68.730,0.773,,,True,,,True,True,,,,AAACMWOGMYOTPB-LDYMZIIASA-N,,,-37.420546153245915
CC1=CC(O)=C(O)C=C1C(=O)N1CCC2(C1)CS(=O)(=O)C2,Z4293720067,24366078,3638841,,,22,311.359,21,0.667,5,2,1,0.500,94.910,0.743,True,True,,,True,True,True,,,AAACMYZFOUAGTQ-UHFFFAOYSA-N,,,,-34.91657411773764
CN(CC1=NC=CC=N1)C(=O)COC1COC1,Z4284983011,22694946,26337094,,,22,237.259,17,-0.150,5,0,5,0.545,64.550,0.712,,,,,,True,,,,,AAACNFUCGKRYHE-UHFFFAOYSA-N,,,-34.148011413396986
O=C(C1=C(Cl)CCOC1)N1CCOC2(CC2)C1,Z4295742939,10518308,13490761,,,22,257.717,17,1.291,3,0,1,0.750,38.770,0.711,,,,,,True,,True,,AAACNGIVBVTEGP-UHFFFAOYSA-N,,,,-34.31154975389323
COCC1=CN2C=C(C(=O)N3CC4(CC4)C3)C=C(F)C2=N1,Z4018317972,17423809,26386242,,,527,289.310,21,1.856,4,0,3,0.467,46.840,0.866,,,,,,True,True,,AAACNJHPUYNVPR-UHFFFAOYSA-N,,,,,-37.714721027700236
COC(=O)C1=CC=C(NC(=O)C2=CC=C(Cl)S2)C(OC)=N1,Z1744358474,15159796,7312,,,11,326.761,21,2.844,6,1,4,0.154,77.520,0.874,,,,,,True,True,,,AAACNJVGGWKFBC-UHFFFAOYSA-N,,,,-34.92308865001856
ClC1=C(CN2C[C@@H]3OCO[C@@H]3C2)N=NS1,Z3321696167,3688830,37724,,,2230,247.707,15,0.749,6,0,2,0.750,47.480,0.772,,,,,,True,,,,,,AAACNLXFRNOPNP-KNVOCYPGSA-N,,-37.34605946389081
"C=C[C@@H]1C[C@H]1C(=O)NC1=C(Cl)C(C(F)(F)F)=CC=N1 |&1:2,4|",Z4706912554,3643898,26398863,,,11,290.672,19,3.514,2,1,3,0.333,41.990,0.866,,True,,,,True,,"AAACNOPQVULTCZ-BQBZGAKWSA-N,AAACNOPQVULTCZ-RNFRBKRXSA-N",,,,,,-34.25656789272189
"C=C[C@H]1C[C@H]1C(=O)NC1=C(Cl)C(C(F)(F)F)=CC=N1 |&1:2,4|",Z4706912653,3643898,26400360,,,11,290.672,19,3.514,2,1,3,0.333,41.990,0.866,,True,,,,True,,"AAACNOPQVULTCZ-NKWVEPMBSA-N,AAACNOPQVULTCZ-RQJHMYQMSA-N",,,,,,-35.819918793628
COC1=NN(C)C(N2C(=O)N[C@@H]([C@@H](C)OC)C2=O)=C1,Z3349820858,24532785,26056660,,,272212,268.273,19,-0.112,6,1,4,0.545,85.690,0.770,,True,,,,True,,,AAACNVGJCUWDPG-MUWHJKNJSA-N,,,,,-40.25636275739839
BrC1=CN=CN=C1SC1=NNC(CC2=CC=CC=C2)=N1,Z1958826938,2999608,2231606,,,27,348.229,20,3.099,5,1,4,0.077,67.350,0.734,,,,,,True,,,,,,AAACOQLCZZCMDK-UHFFFAOYSA-N,,-36.29325579195484
CC1=CC=C(CNC2=NC(C(C)C)=NO2)C=C1[N+](=O)[O-],Z1611150034,3531936,9596,,,270302,276.296,20,3.022,6,1,5,0.385,94.090,0.666,,True,,,,True,,,,,AAACORAZVXHXNV-UHFFFAOYSA-N,,,-37.4156785419192
CC1=NSC(C(=O)NCCCC2=NC(C3CC3)=NN2)=C1,Z2973470250,2806830,3062325,,,527,291.380,20,1.810,5,2,6,0.538,83.560,0.795,,True,,,,True,True,,,,,AAACOTGZEJFNOJ-UHFFFAOYSA-N,,-33.424790237234674
COC(C)C(=O)COC(=O)C1=NSC=C1Br,Z4459989979,11395743,26664225,,,1458,308.153,16,1.666,6,0,5,0.444,65.490,0.774,,,,,,True,True,,,,AAACOTQWIIQWQN-UHFFFAOYSA-N,,,-35.20323157773059
"CC1=CC=C(CN(C)C(=O)[C@@H]2C[C@@H]3C=C[C@H]2O3)C=C1C |&1:10,12,15|",Z5439421973,22129963,27328910,,,22,271.360,20,2.605,2,0,3,0.471,29.540,0.791,,True,,,,True,True,True,,,,M,"AAACOWIWKJFIFG-ARFHVFGLSA-N,AAACOWIWKJFIFG-PMPSAXMXSA-N",-36.117958838565166
"CC1=CC=C(CN(C)C(=O)[C@@H]2C[C@H]3C=C[C@@H]2O3)C=C1C |&1:10,12,15|",Z4608889897,22129963,26623269,,,22,271.360,20,2.605,2,0,3,0.471,29.540,0.791,,True,,,,True,True,True,,,,S,"AAACOWIWKJFIFG-HRCADAONSA-N,AAACOWIWKJFIFG-OAGGEKHMSA-N",-35.45297632769044
"C[C@@H]1OCC[C@@H]1C(=O)NOCC(N)=O |&1:1,5|",Z3565705143,3277754,22241531,,,22,202.210,14,-1.055,4,2,4,0.750,90.650,0.569,,True,,,,True,,,,"AAACOXKAAGPNND-PHDIDXHHSA-N,AAACOXKAAGPNND-WDSKDSINSA-N",,,,-35.400215221552216
CCOC(=O)C#CC(C)OC(=O)[C@H](C)N1C=NN=N1,Z3540709632,17099701,3100257,,,276436,266.257,19,-0.268,8,0,4,0.545,96.200,0.420,,True,True,,True,True,,,,,AAACPBFCHHJXPV-GKAPJAKFSA-N,,,-35.46017461903614
COCCCNC(=O)NNC(=O)CC1=CC=C(C#N)C=C1,Z982992784,2027718,2061429,,,22,290.323,21,0.468,4,3,6,0.357,103.250,0.523,,True,,,True,True,True,,,,,AAACPJGJXDJWTI-UHFFFAOYSA-N,,-40.03398642805031
CC(C)C1=NN=C2C(SC3CCCS(=O)(=O)C3)=NC=CN12,Z3870476620,5999120,9354661,,,27,326.447,21,1.917,7,0,3,0.615,77.220,0.857,,,,,,True,True,,,,AAACPPDDIKOSNC-UHFFFAOYSA-N,,,-34.243900404635326
CC1=C(C(=O)N2CCCC(N3N=CC=N3)C2)N=C(O)S1,Z3054512471,17637031,13561317,,,22,293.352,20,1.226,7,1,2,0.500,84.140,0.900,,,,,,True,True,,,AAACPSRMPVICFY-UHFFFAOYSA-N,,,,-35.1381847833098
O=C(C1=COC([C@@H]2CCCN2)=N1)N1CC2(CO)CC1C2,Z4004743349,26401249,17566995,,,240690,277.324,20,0.696,5,2,3,0.714,78.600,0.850,,,,,,,,,True,M,AAACQAUFOVGXGW-XIRUVYRFSA-N,,,-33.27613477945772
C#CCOCCONC(=O)C1=CC=C(OCC(F)(F)F)O1,Z3208588677,23553994,4803115,,,22,307.224,21,1.532,5,1,8,0.417,69.930,0.448,,True,,,True,True,True,,,,AAACQFRGLZWUTB-UHFFFAOYSA-N,,,-34.39269753604741
N#CC1=CCN(C(=O)C2=CC3=CC(F)=CC=C3S2)CC1,Z1630544526,11906553,31362,,,527,286.331,20,3.336,3,0,1,0.200,44.100,0.807,,,,,,True,,,,,AAACRCBTGBGXPJ-UHFFFAOYSA-N,,,-33.89132905948735
N#CCCCCCC(=O)OCC1=NN=NN1C1CCC1,Z3817539805,3010399,5136283,,,1458,277.328,20,1.915,7,0,8,0.769,93.690,0.532,,True,,,,True,True,,,,,SAAACREMBFQTIDA-UHFFFAOYSA-N,,-36.62661486219425
CNC(=O)N1CCC(C(=O)N2C[C@@H](O)C[C@H](O)C2)C1,Z6044812818,22696421,5758368,,,22,271.317,19,-1.398,4,3,1,0.833,93.110,0.547,,,,,,True,True,,,AAACRNIBHUXEAN-AGROOBSYSA-N,,,,-39.995982862747844
CNC(=O)N1CCC(C(=O)N2C[C@H](O)C[C@@H](O)C2)C1,Z6039142019,22260643,5758368,,,22,271.317,19,-1.398,4,3,1,0.833,93.110,0.547,,,,,,True,True,,,AAACRNIBHUXEAN-VXRWAFEHSA-N,,,,-39.99598300986003
COCC1=CCN(C(=O)C2=NN3C=C(Br)C=NC3=C2)CC1,Z2906939005,15158760,2790975,,,22,351.204,21,1.911,5,0,3,0.357,59.730,0.793,,True,,,,True,,,,AAACRRJGURJKHS-UHFFFAOYSA-N,,,,-33.61702066094955
COCC1=NC(COC(=O)C2=C(C3CC3)ON=C2Br)=CS1,Z3578505125,26569208,26286100,,,276436,373.228,21,3.274,7,0,6,0.462,74.450,0.724,,,,,,True,,,,AAACRTSAIRHMFM-UHFFFAOYSA-N,,,,-37.76245507128806
C=C1CN2C(=NN=C2C(=O)NCC2=CSC(C(C)C)=N2)S1,Z3841327375,2801774,26393000,,,527,321.431,21,2.407,7,1,4,0.385,72.700,0.936,,,,,,True,True,,,AAACRVOXBRHGAD-UHFFFAOYSA-N,,,,-40.89046116057214
CC1=CNC(C(=O)N2CC3(CCC3)C2C2=CC=NC=C2)=N1,Z2780519404,18829715,22131603,,,22,282.347,21,2.481,3,1,2,0.438,61.880,0.920,,,,,,True,True,,AAACSGLHPZRGTR-UHFFFAOYSA-N,,,,,-33.79431913083564
CC1(C(=O)NCC2=CC=C(C3=CC=CN=C3)C=C2)CC1F,Z2407034143,8204534,3480384,,,22,284.334,21,3.113,2,1,4,0.294,41.990,0.937,,,,,,True,,,,,AAACSIODZYBMTJ-UHFFFAOYSA-N,,,-33.336352469167224
O=C(OCC1(F)CC1)C1CC2=C(O1)C(OC(F)F)=CC=C2,Z3872942319,9308843,26359713,,,276436,302.248,21,2.637,4,0,5,0.500,44.760,0.784,,,,,,True,True,,,AAACSJLOGPAESW-UHFFFAOYSA-N,,,,-33.103212239782415
CC(=O)C1=CC(Br)=C(C(=O)NCC(=O)N2CCCO2)S1,Z4516921736,22829682,26621419,,,22,361.217,20,1.607,5,1,4,0.417,75.710,0.827,,,,,,True,,,AAACSMOGDMALQY-UHFFFAOYSA-N,,,,,-37.73726152049824
CCN1N=C(C)C(C(=O)N2CC(C(=O)O)CC(F)(F)C2)=N1,Z3390066812,9313979,3732842,,,188690,302.281,21,0.788,5,1,3,0.667,88.320,0.891,,,,,,True,True,,,,AAACSZBXESFRBY-UHFFFAOYSA-N,,,-33.86935763801114
CCC1(C)CN(C(=O)C2=C(C)C=NC(OC)=C2Cl)C1,Z6230118532,19200145,22494225,,,22,282.771,19,2.924,3,0,3,0.571,42.430,0.856,,,,,,True,True,True,,AAACTEIUJGAYJW-UHFFFAOYSA-N,,,,-34.13041841269494
CO[C@H]1C[C@@H](C(=O)NCC2(C)COC3=CC=CC=C3O2)C1,Z6144624255,3041858,11251580,,,22,291.347,21,1.758,4,1,4,0.562,56.790,0.918,,,,,,True,True,,,True,S,AAACTGHHRLZYNJ-HBBFGDNQSA-N,,-35.16926662818163
CO[C@H]1C[C@H](C(=O)NCC2(C)COC3=CC=CC=C3O2)C1,Z5455785037,3041858,11251581,,,22,291.347,21,1.758,4,1,4,0.562,56.790,0.918,,,,,,True,True,,,True,S,AAACTGHHRLZYNJ-OKAVTEJVSA-N,,-34.926253069978834
CN(C)C(=O)CC(=O)NC1=CC=C(C2=NN=CN2C)C=C1,Z3835990289,199960,3574726,,,22,287.323,21,0.899,5,1,4,0.286,80.120,0.847,,True,,,,True,True,,,,AAACTMBRBYVCST-UHFFFAOYSA-N,,,-35.84042547880413
CC1=NC(N2CCCC(C3=CC=NC=N3)C2)=NC=C1I,Z4224050773,2023544,23552124,,,27,381.221,20,2.564,5,0,2,0.429,54.800,0.749,,True,,,,True,,,,,AAACTXWUOSPHBH-UHFFFAOYSA-N,,,-33.0544824144759
N#CC1=C(C#N)N(CC2=CC=C(F)C=C2F)C=N1,Z1624951693,57449,72152,,,7,244.204,18,1.953,4,0,2,0.083,65.400,0.810,,,,,,True,,,,,,AAACUHJSYQPVOQ-UHFFFAOYSA-N,,-35.286644409478484
"CO[C@]12CCC[C@@]1(C(=O)N1CC=CCC1CO)CCO2 |&1:2,6|",Z5587836326,26400823,24366613,,,22,281.352,20,1.069,4,1,3,0.800,59.000,0.786,,True,,,,True,True,,,,True,M,"AAACUIODZWQUEY-JENMUQSASA-N,AAACUIODZWQUEY-ZRNAQANOSA-N",-37.49016147991349
